metric,value,source,evidence_scope,caution
unique_patients_patient_level,1109,data/raw/AACR GENIE Biopharma Collaborative Public/Data Releases/PANC/1.0-public/clinical_data/patient_level_dataset.csv,aggregate_only_no_patient_level_values,
coverage_hybrid_death_int,879,data/raw/AACR GENIE Biopharma Collaborative Public/Data Releases/PANC/1.0-public/clinical_data/patient_level_dataset.csv,aggregate_only_no_patient_level_values,
coverage_age_death_yrs,879,data/raw/AACR GENIE Biopharma Collaborative Public/Data Releases/PANC/1.0-public/clinical_data/patient_level_dataset.csv,aggregate_only_no_patient_level_values,
coverage_last_alive_int,1109,data/raw/AACR GENIE Biopharma Collaborative Public/Data Releases/PANC/1.0-public/clinical_data/patient_level_dataset.csv,aggregate_only_no_patient_level_values,
coverage_age_last_fu_yrs,1109,data/raw/AACR GENIE Biopharma Collaborative Public/Data Releases/PANC/1.0-public/clinical_data/patient_level_dataset.csv,aggregate_only_no_patient_level_values,
index_cancer_rows,1110,data/raw/AACR GENIE Biopharma Collaborative Public/Data Releases/PANC/1.0-public/clinical_data/cancer_level_dataset_index.csv,aggregate_only_no_patient_level_values,
unique_patients_with_index_cancer_row,1109,data/raw/AACR GENIE Biopharma Collaborative Public/Data Releases/PANC/1.0-public/clinical_data/cancer_level_dataset_index.csv,aggregate_only_no_patient_level_values,
coverage_ca_histology,708,data/raw/AACR GENIE Biopharma Collaborative Public/Data Releases/PANC/1.0-public/clinical_data/cancer_level_dataset_index.csv,aggregate_only_no_patient_level_values,
coverage_stage_dx,1110,data/raw/AACR GENIE Biopharma Collaborative Public/Data Releases/PANC/1.0-public/clinical_data/cancer_level_dataset_index.csv,aggregate_only_no_patient_level_values,
coverage_stage_dx_iv,1110,data/raw/AACR GENIE Biopharma Collaborative Public/Data Releases/PANC/1.0-public/clinical_data/cancer_level_dataset_index.csv,aggregate_only_no_patient_level_values,
coverage_ca_dmets_yn,497,data/raw/AACR GENIE Biopharma Collaborative Public/Data Releases/PANC/1.0-public/clinical_data/cancer_level_dataset_index.csv,aggregate_only_no_patient_level_values,
coverage_ca_resect_status,1109,data/raw/AACR GENIE Biopharma Collaborative Public/Data Releases/PANC/1.0-public/clinical_data/cancer_level_dataset_index.csv,aggregate_only_no_patient_level_values,
coverage_summary_stage,1108,data/raw/AACR GENIE Biopharma Collaborative Public/Data Releases/PANC/1.0-public/clinical_data/cancer_level_dataset_index.csv,aggregate_only_no_patient_level_values,
non_index_cancer_rows,279,data/raw/AACR GENIE Biopharma Collaborative Public/Data Releases/PANC/1.0-public/clinical_data/cancer_level_dataset_non_index.csv,aggregate_only_no_patient_level_values,
ngs_test_rows,1130,data/raw/AACR GENIE Biopharma Collaborative Public/Data Releases/PANC/1.0-public/clinical_data/cancer_panel_test_level_dataset.csv,aggregate_only_no_patient_level_values,
unique_patients_with_ngs_test,1109,data/raw/AACR GENIE Biopharma Collaborative Public/Data Releases/PANC/1.0-public/clinical_data/cancer_panel_test_level_dataset.csv,aggregate_only_no_patient_level_values,
unique_ngs_samples_cpt_genie_sample_id,1130,data/raw/AACR GENIE Biopharma Collaborative Public/Data Releases/PANC/1.0-public/clinical_data/cancer_panel_test_level_dataset.csv,aggregate_only_no_patient_level_values,
patients_with_multiple_ngs_tests,20,data/raw/AACR GENIE Biopharma Collaborative Public/Data Releases/PANC/1.0-public/clinical_data/cancer_panel_test_level_dataset.csv,aggregate_only_no_patient_level_values,
coverage_dx_cpt_rep_days,1130,data/raw/AACR GENIE Biopharma Collaborative Public/Data Releases/PANC/1.0-public/clinical_data/cancer_panel_test_level_dataset.csv,aggregate_only_no_patient_level_values,
coverage_cpt_seq_date,1128,data/raw/AACR GENIE Biopharma Collaborative Public/Data Releases/PANC/1.0-public/clinical_data/cancer_panel_test_level_dataset.csv,aggregate_only_no_patient_level_values,
coverage_cpt_genie_sample_id,1130,data/raw/AACR GENIE Biopharma Collaborative Public/Data Releases/PANC/1.0-public/clinical_data/cancer_panel_test_level_dataset.csv,aggregate_only_no_patient_level_values,
coverage_sample_type,1126,data/raw/AACR GENIE Biopharma Collaborative Public/Data Releases/PANC/1.0-public/clinical_data/cancer_panel_test_level_dataset.csv,aggregate_only_no_patient_level_values,
coverage_cpt_seq_assay_id,1130,data/raw/AACR GENIE Biopharma Collaborative Public/Data Releases/PANC/1.0-public/clinical_data/cancer_panel_test_level_dataset.csv,aggregate_only_no_patient_level_values,
treatment_regimen_rows,3153,data/raw/AACR GENIE Biopharma Collaborative Public/Data Releases/PANC/1.0-public/clinical_data/regimen_cancer_level_dataset.csv,aggregate_only_no_patient_level_values,
unique_patients_with_treatment_regimen,1037,data/raw/AACR GENIE Biopharma Collaborative Public/Data Releases/PANC/1.0-public/clinical_data/regimen_cancer_level_dataset.csv,aggregate_only_no_patient_level_values,
patients_with_multiple_regimens,816,data/raw/AACR GENIE Biopharma Collaborative Public/Data Releases/PANC/1.0-public/clinical_data/regimen_cancer_level_dataset.csv,aggregate_only_no_patient_level_values,
coverage_regimen_drugs,3153,data/raw/AACR GENIE Biopharma Collaborative Public/Data Releases/PANC/1.0-public/clinical_data/regimen_cancer_level_dataset.csv,aggregate_only_no_patient_level_values,
coverage_dx_reg_start_int,3153,data/raw/AACR GENIE Biopharma Collaborative Public/Data Releases/PANC/1.0-public/clinical_data/regimen_cancer_level_dataset.csv,aggregate_only_no_patient_level_values,
coverage_dx_reg_end_any_int,2792,data/raw/AACR GENIE Biopharma Collaborative Public/Data Releases/PANC/1.0-public/clinical_data/regimen_cancer_level_dataset.csv,aggregate_only_no_patient_level_values,
coverage_regimen_number_within_cancer,3153,data/raw/AACR GENIE Biopharma Collaborative Public/Data Releases/PANC/1.0-public/clinical_data/regimen_cancer_level_dataset.csv,aggregate_only_no_patient_level_values,
coverage_pfs_i_g_status,2294,data/raw/AACR GENIE Biopharma Collaborative Public/Data Releases/PANC/1.0-public/clinical_data/regimen_cancer_level_dataset.csv,aggregate_only_no_patient_level_values,
coverage_os_g_status,3153,data/raw/AACR GENIE Biopharma Collaborative Public/Data Releases/PANC/1.0-public/clinical_data/regimen_cancer_level_dataset.csv,aggregate_only_no_patient_level_values,
unique_patients_with_both_ngs_and_treatment,1037,data/raw/AACR GENIE Biopharma Collaborative Public/Data Releases/PANC/1.0-public/clinical_data/cancer_panel_test_level_dataset.csv + data/raw/AACR GENIE Biopharma Collaborative Public/Data Releases/PANC/1.0-public/clinical_data/regimen_cancer_level_dataset.csv,aggregate_only_no_patient_level_values,This is an aggregate intersection only; not a cohort definition.
patients_with_ngs_and_regimen_timing,1037,data/raw/AACR GENIE Biopharma Collaborative Public/Data Releases/PANC/1.0-public/clinical_data/cancer_panel_test_level_dataset.csv + data/raw/AACR GENIE Biopharma Collaborative Public/Data Releases/PANC/1.0-public/clinical_data/regimen_cancer_level_dataset.csv,aggregate_only_no_patient_level_values,
patients_ngs_report_on_or_before_earliest_regimen,100,aggregate_timing_check,aggregate_only_no_patient_level_values,
patients_ngs_report_after_earliest_regimen,937,aggregate_timing_check,aggregate_only_no_patient_level_values,Important for treatment-decision time leakage.
cbio_unique_samples,1130,data/raw/AACR GENIE Biopharma Collaborative Public/Data Releases/PANC/1.0-public/cBioPortal_files/data_clinical_sample.txt,aggregate_only_no_patient_level_values,
cbio_unique_patients_with_samples,1109,data/raw/AACR GENIE Biopharma Collaborative Public/Data Releases/PANC/1.0-public/cBioPortal_files/data_clinical_sample.txt,aggregate_only_no_patient_level_values,
patients_with_multiple_cbio_samples,20,data/raw/AACR GENIE Biopharma Collaborative Public/Data Releases/PANC/1.0-public/cBioPortal_files/data_clinical_sample.txt,aggregate_only_no_patient_level_values,
