relative_path,file_name,extension,format,size_bytes,size_mb,sha256,encoding,delimiter,line_count,data_row_count,column_count,field_names,field_names_redacted,table_theme,duplicate_rows,notes
data/raw/AACR GENIE Biopharma Collaborative Public/Data Releases/PANC/1.0-public/cBioPortal_files/case_lists/cases_all.txt,cases_all.txt,.txt,delimited_text,29652,0.0283,1511d2421aaccefeefd4c8009be82dab01336d79faa5af1c3ba51cf26566dd43,utf-8-sig,colon,5,5,2,key|value,false,metadata_or_case_list,0,Parsed as key-value text; values are not reported. Forced key-value metadata parsing to avoid treating ID lists as field names.
data/raw/AACR GENIE Biopharma Collaborative Public/Data Releases/PANC/1.0-public/cBioPortal_files/case_lists/cases_cna.txt,cases_cna.txt,.txt,delimited_text,28018,0.0267,b677f383d41fc7c661e36a17ebe690fc9e5936892430a131f496c968a5879bfc,utf-8-sig,colon,5,5,2,key|value,false,metadata_or_case_list,0,Parsed as key-value text; values are not reported. Forced key-value metadata parsing to avoid treating ID lists as field names.
data/raw/AACR GENIE Biopharma Collaborative Public/Data Releases/PANC/1.0-public/cBioPortal_files/case_lists/cases_cnaseq.txt,cases_cnaseq.txt,.txt,delimited_text,28047,0.0267,3e9af0244a1695e1e816c6cb096f6c23a541ab6e0bad0b2f9c076df2d3ac84f6,utf-8-sig,colon,5,5,2,key|value,false,metadata_or_case_list,0,Parsed as key-value text; values are not reported. Forced key-value metadata parsing to avoid treating ID lists as field names.
data/raw/AACR GENIE Biopharma Collaborative Public/Data Releases/PANC/1.0-public/cBioPortal_files/case_lists/cases_Pancreatic_Cancer.txt,cases_Pancreatic_Cancer.txt,.txt,delimited_text,29718,0.0283,599c9716eb8de218a9d8e60b8b270f7031f3a80842f353385357fdac664be3b3,utf-8-sig,colon,5,5,2,key|value,false,metadata_or_case_list,0,Parsed as key-value text; values are not reported. Forced key-value metadata parsing to avoid treating ID lists as field names.
data/raw/AACR GENIE Biopharma Collaborative Public/Data Releases/PANC/1.0-public/cBioPortal_files/case_lists/cases_sequenced.txt,cases_sequenced.txt,.txt,delimited_text,29673,0.0283,f47450a2ce30d0aa3e72d537a7ada83c6473cd5d23edff6832a3640eefca34dc,utf-8-sig,colon,5,5,2,key|value,false,metadata_or_case_list,0,Parsed as key-value text; values are not reported. Forced key-value metadata parsing to avoid treating ID lists as field names.
data/raw/AACR GENIE Biopharma Collaborative Public/Data Releases/PANC/1.0-public/cBioPortal_files/case_lists/cases_sv.txt,cases_sv.txt,.txt,delimited_text,28124,0.0268,29819213be634b1607cad0ec898e09d76dfd128d1c3019557ed293831d1e6bd0,utf-8-sig,colon,5,5,2,key|value,false,metadata_or_case_list,0,Parsed as key-value text; values are not reported. Forced key-value metadata parsing to avoid treating ID lists as field names.
data/raw/AACR GENIE Biopharma Collaborative Public/Data Releases/PANC/1.0-public/cBioPortal_files/data_clinical_patient.txt,data_clinical_patient.txt,.txt,delimited_text,220320,0.2101,905f51494421d6d213ac22286d69adfc65733aef2a9ed43978e119f3054a12d6,utf-8-sig,tab,1114,1109,35,PATIENT_ID|CA_DMETS_YN|CA_GRADE|CA_HIST_ADENO_SQUAMOUS|CA_RESECT_STATUS|CA_HISTOLOGY|CA_TX_PRE_PATH_STAGE|DMETS_DX_ADRENAL|DMETS_DX_BONE|DMETS_DX_BRAIN|DMETS_DX_LIVER|DMETS_DX_LUNG|DMETS_DX_LYMPH|DMETS_DX_OTHER|DMETS_DX_PLEURA|DMETS_DX_SUBC_TISSUE|STAGE_DX|BIRTH_YEAR|CENTER|N_RT_PT|N_CANCERS|N_CANCERS_INDEX|N_IMAGING_REPORTS_PT|N_MD_NOTES_PT|N_TM_CA19_9_PT|N_TM_CEA_PT|N_TM_PT|N_PATH_REPORTS_PT|N_REGIMENS_PT|N_SCANS_CT_PT|N_SCANS_MRI_PT|N_SCANS_PET_CT_PT|ETHNICITY|PRIMARY_RACE|SEX,false,patient,0,
data/raw/AACR GENIE Biopharma Collaborative Public/Data Releases/PANC/1.0-public/cBioPortal_files/data_clinical_sample.txt,data_clinical_sample.txt,.txt,delimited_text,111080,0.1059,5711cc81f9669dd120f64fe7afcd3169c8fdd036cba875513c09245d43ed4a0d,utf-8-sig,tab,1135,1130,9,SAMPLE_ID|ONCOTREE_CODE|SEQ_ASSAY_ID|AGE_AT_SEQUENCING|PATIENT_ID|SAMPLE_TYPE_DETAILED|PDL1_POSITIVE_ANY|PDL1_TESTING|CPT_SEQ_DATE,false,sample_or_ngs_test,0,
data/raw/AACR GENIE Biopharma Collaborative Public/Data Releases/PANC/1.0-public/cBioPortal_files/data_clinical_supp_survival.txt,data_clinical_supp_survival.txt,.txt,delimited_text,130995,0.1249,35f6d92b7d4face03b2aa0e7fce85e3b5922eaedba17fbfd03b9c4e3dbd03bc8,utf-8-sig,tab,1115,1109,7,PATIENT_ID|PFS_I_ADV_STATUS|PFS_M_ADV_STATUS|PFS_I_ADV_MONTHS|PFS_M_ADV_MONTHS|OS_STATUS|OS_MONTHS,false,outcome_or_followup,0,
data/raw/AACR GENIE Biopharma Collaborative Public/Data Releases/PANC/1.0-public/cBioPortal_files/data_clinical_supp_survival_treatment.txt,data_clinical_supp_survival_treatment.txt,.txt,delimited_text,348413,0.3323,340e79678e53465ba36a1cce79bd7097f4d9ab96175870f3696b220da28271bc,utf-8-sig,tab,1008,1002,121,PATIENT_ID|OS_1794_STATUS|PFS_1794_IMAGING_STATUS|PFS_1794_MED_STATUS|OS_1794_MONTHS|PFS_1794_IMAGING_MONTHS|PFS_1794_MED_MONTHS|OS_1794_961_STATUS|PFS_1794_961_IMAGING_STATUS|PFS_1794_961_MED_STATUS|OS_1794_961_MONTHS|PFS_1794_961_IMAGING_MONTHS|PFS_1794_961_MED_MONTHS|OS_1794_1181_STATUS|PFS_1794_1181_IMAGING_STATUS|PFS_1794_1181_MED_STATUS|OS_1794_1181_MONTHS|PFS_1794_1181_IMAGING_MONTHS|PFS_1794_1181_MED_MONTHS|OS_376_961_STATUS|PFS_376_961_IMAGING_STATUS|PFS_376_961_MED_STATUS|OS_376_961_MONTHS|PFS_376_961_IMAGING_MONTHS|PFS_376_961_MED_MONTHS|OS_376_961_2688_STATUS|PFS_376_961_2688_IMAGING_STATUS|PFS_376_961_2688_MED_STATUS|OS_376_961_2688_MONTHS|PFS_376_961_2688_IMAGING_MONTHS|PFS_376_961_2688_MED_MONTHS|OS_505_STATUS|PFS_505_IMAGING_STATUS|PFS_505_MED_STATUS|OS_505_MONTHS|PFS_505_IMAGING_MONTHS|PFS_505_MED_MONTHS|OS_505_1381_607_STATUS|PFS_505_1381_607_IMAGING_STATUS|PFS_505_1381_607_MED_STATUS|OS_505_1381_607_MONTHS|PFS_505_1381_607_IMAGING_MONTHS|PFS_505_1381_607_MED_MONTHS|OS_505_1381_607_1181_STATUS|PFS_505_1381_607_1181_IMAGING_STATUS|PFS_505_1381_607_1181_MED_STATUS|OS_505_1381_607_1181_MONTHS|PFS_505_1381_607_1181_IMAGING_MONTHS|PFS_505_1381_607_1181_MED_MONTHS|OS_505_1381_1181_STATUS|PFS_505_1381_1181_IMAGING_STATUS|PFS_505_1381_1181_MED_STATUS|OS_505_1381_1181_MONTHS|PFS_505_1381_1181_IMAGING_MONTHS|PFS_505_1381_1181_MED_MONTHS|OS_505_82676_STATUS|PFS_505_82676_IMAGING_STATUS|PFS_505_82676_MED_STATUS|OS_505_82676_MONTHS|PFS_505_82676_IMAGING_MONTHS|PFS_505_82676_MED_MONTHS|OS_505_82676_607_STATUS|PFS_505_82676_607_IMAGING_STATUS|PFS_505_82676_607_MED_STATUS|OS_505_82676_607_MONTHS|PFS_505_82676_607_IMAGING_MONTHS|PFS_505_82676_607_MED_MONTHS|OS_505_607_STATUS|PFS_505_607_IMAGING_STATUS|PFS_505_607_MED_STATUS|OS_505_607_MONTHS|PFS_505_607_IMAGING_MONTHS|PFS_505_607_MED_MONTHS|OS_505_607_1181_STATUS|PFS_505_607_1181_IMAGING_STATUS|PFS_505_607_1181_MED_STATUS|OS_505_607_1181_MONTHS|PFS_505_607_1181_IMAGING_MONTHS|PFS_505_607_1181_MED_MONTHS|OS_505_1181_STATUS|PFS_505_1181_IMAGING_STATUS|PFS_505_1181_MED_STATUS|OS_505_1181_MONTHS|PFS_505_1181_IMAGING_MONTHS|PFS_505_1181_MED_MONTHS|OS_961_STATUS|PFS_961_IMAGING_STATUS|PFS_961_MED_STATUS|OS_961_MONTHS|PFS_961_IMAGING_MONTHS|PFS_961_MED_MONTHS|OS_961_2688_STATUS|PFS_961_2688_IMAGING_STATUS|PFS_961_2688_MED_STATUS|OS_961_2688_MONTHS|PFS_961_2688_IMAGING_MONTHS|PFS_961_2688_MED_MONTHS|OS_961_1181_STATUS|PFS_961_1181_IMAGING_STATUS|PFS_961_1181_MED_STATUS|OS_961_1181_MONTHS|PFS_961_1181_IMAGING_MONTHS|PFS_961_1181_MED_MONTHS|OS_82676_STATUS|PFS_82676_IMAGING_STATUS|PFS_82676_MED_STATUS|OS_82676_MONTHS|PFS_82676_IMAGING_MONTHS|PFS_82676_MED_MONTHS|OS_2688_STATUS|PFS_2688_IMAGING_STATUS|PFS_2688_MED_STATUS|OS_2688_MONTHS|PFS_2688_IMAGING_MONTHS|PFS_2688_MED_MONTHS|OS_71721_STATUS|PFS_71721_IMAGING_STATUS|PFS_71721_MED_STATUS|OS_71721_MONTHS|PFS_71721_IMAGING_MONTHS|PFS_71721_MED_MONTHS,false,treatment,0,
data/raw/AACR GENIE Biopharma Collaborative Public/Data Releases/PANC/1.0-public/cBioPortal_files/data_CNA.txt,data_CNA.txt,.txt,delimited_text,2450691,2.3372,1674ec4bc3bc3eb138810cc6af4f64c786fdae9ee0781fc2aad44229b8ad13ec,utf-8-sig,tab,1004,1003,964,Hugo_Symbol|GENIE-DFCI-005030-959|<redacted_dynamic_sample_columns:962>,true,genomic,0,962 dynamic wide-matrix columns redacted.
data/raw/AACR GENIE Biopharma Collaborative Public/Data Releases/PANC/1.0-public/cBioPortal_files/data_cna_hg19.seg,data_cna_hg19.seg,.seg,delimited_text,1543700,1.4722,f2f7d791dc9afc6b895500b579201e418435329af27b052e46e03c51fcf3175a,utf-8-sig,tab,26119,26118,6,ID|chrom|loc.start|loc.end|num.mark|seg.mean,false,genomic,0,
data/raw/AACR GENIE Biopharma Collaborative Public/Data Releases/PANC/1.0-public/cBioPortal_files/data_gene_matrix.txt,data_gene_matrix.txt,.txt,delimited_text,62856,0.0599,f8b87ce053f6572b3f8410153a103de8b3dce6026a14e1d83c43ec023c7295c6,utf-8-sig,tab,1131,1130,3,SAMPLE_ID|mutations|<redacted_dynamic_sample_columns:1>,true,genomic,0,1 dynamic wide-matrix columns redacted.
data/raw/AACR GENIE Biopharma Collaborative Public/Data Releases/PANC/1.0-public/cBioPortal_files/data_gene_panel_DFCI-ONCOPANEL-1.txt,data_gene_panel_DFCI-ONCOPANEL-1.txt,.txt,delimited_text,1827,0.0017,7c472284f5b219f69df551c9f2c0ea78a985734e6ad0dba25d8bd3c119a6baec,utf-8-sig,colon,3,3,2,key|value,false,genomic,0,Parsed as key-value text; values are not reported. Forced key-value metadata parsing to avoid treating ID lists as field names.
data/raw/AACR GENIE Biopharma Collaborative Public/Data Releases/PANC/1.0-public/cBioPortal_files/data_gene_panel_DFCI-ONCOPANEL-2.txt,data_gene_panel_DFCI-ONCOPANEL-2.txt,.txt,delimited_text,1962,0.0019,8b6a9c21a9dc86706c888756de9b79a134d9bb48bb9c483fc82ed2037b8b86ab,utf-8-sig,colon,3,3,2,key|value,false,genomic,0,Parsed as key-value text; values are not reported. Forced key-value metadata parsing to avoid treating ID lists as field names.
data/raw/AACR GENIE Biopharma Collaborative Public/Data Releases/PANC/1.0-public/cBioPortal_files/data_gene_panel_DFCI-ONCOPANEL-3.1.txt,data_gene_panel_DFCI-ONCOPANEL-3.1.txt,.txt,delimited_text,2659,0.0025,978079e35108294aa7c1252823b90f12c3acbea24bef46238769ffe0c6d0983d,utf-8-sig,colon,3,3,2,key|value,false,genomic,0,Parsed as key-value text; values are not reported. Forced key-value metadata parsing to avoid treating ID lists as field names.
data/raw/AACR GENIE Biopharma Collaborative Public/Data Releases/PANC/1.0-public/cBioPortal_files/data_gene_panel_DFCI-ONCOPANEL-3.txt,data_gene_panel_DFCI-ONCOPANEL-3.txt,.txt,delimited_text,2655,0.0025,592eae09646118a5d4994f754e6947665988ff9200ddef473e62444c3f617184,utf-8-sig,colon,3,3,2,key|value,false,genomic,0,Parsed as key-value text; values are not reported. Forced key-value metadata parsing to avoid treating ID lists as field names.
data/raw/AACR GENIE Biopharma Collaborative Public/Data Releases/PANC/1.0-public/cBioPortal_files/data_gene_panel_MSK-IMPACT341.txt,data_gene_panel_MSK-IMPACT341.txt,.txt,delimited_text,2055,0.002,1d3fd04ef4538e47f2dd4279ead856047f3e8ecfbe8684c61a6e088a7bf1ea2d,utf-8-sig,colon,3,3,2,key|value,false,genomic,0,Parsed as key-value text; values are not reported. Forced key-value metadata parsing to avoid treating ID lists as field names.
data/raw/AACR GENIE Biopharma Collaborative Public/Data Releases/PANC/1.0-public/cBioPortal_files/data_gene_panel_MSK-IMPACT410.txt,data_gene_panel_MSK-IMPACT410.txt,.txt,delimited_text,2501,0.0024,38b55ecada2e9d6a8a188ca4c6e125c95779c3501d625fd37300e6cc6bab4e60,utf-8-sig,colon,3,3,2,key|value,false,genomic,0,Parsed as key-value text; values are not reported. Forced key-value metadata parsing to avoid treating ID lists as field names.
data/raw/AACR GENIE Biopharma Collaborative Public/Data Releases/PANC/1.0-public/cBioPortal_files/data_gene_panel_MSK-IMPACT468.txt,data_gene_panel_MSK-IMPACT468.txt,.txt,delimited_text,2847,0.0027,7aff187218d4b49ecebc778cabceecfc3fea8499687c4431bd903eea2fb68839,utf-8-sig,colon,3,3,2,key|value,false,genomic,0,Parsed as key-value text; values are not reported. Forced key-value metadata parsing to avoid treating ID lists as field names.
data/raw/AACR GENIE Biopharma Collaborative Public/Data Releases/PANC/1.0-public/cBioPortal_files/data_gene_panel_UHN-48-V1.txt,data_gene_panel_UHN-48-V1.txt,.txt,delimited_text,330,0.0003,1838d16d32b71f0e3756ce33390e16e90232a4f07876975365ac164af59b5957,utf-8-sig,colon,3,3,2,key|value,false,genomic,0,Parsed as key-value text; values are not reported. Forced key-value metadata parsing to avoid treating ID lists as field names.
data/raw/AACR GENIE Biopharma Collaborative Public/Data Releases/PANC/1.0-public/cBioPortal_files/data_gene_panel_UHN-50-V2.txt,data_gene_panel_UHN-50-V2.txt,.txt,delimited_text,340,0.0003,0a94fb9aaf0dcd7f094e416d3802593a7281431f4b6fd4f4fa14975c9e03970b,utf-8-sig,colon,3,3,2,key|value,false,genomic,0,Parsed as key-value text; values are not reported. Forced key-value metadata parsing to avoid treating ID lists as field names.
data/raw/AACR GENIE Biopharma Collaborative Public/Data Releases/PANC/1.0-public/cBioPortal_files/data_gene_panel_UHN-555-PAN-GI-V1.txt,data_gene_panel_UHN-555-PAN-GI-V1.txt,.txt,delimited_text,3290,0.0031,99313006e44693c70e0a3936e17f35eacc512f44eee9e622e4e4213a10a2d78f,utf-8-sig,colon,3,3,2,key|value,false,genomic,0,Parsed as key-value text; values are not reported. Forced key-value metadata parsing to avoid treating ID lists as field names.
data/raw/AACR GENIE Biopharma Collaborative Public/Data Releases/PANC/1.0-public/cBioPortal_files/data_gene_panel_UHN-555-V1.txt,data_gene_panel_UHN-555-V1.txt,.txt,delimited_text,3276,0.0031,ebceb14e14b9310ccca3911bda70bfe3dfe88efd52299497dcd9920666cae33a,utf-8-sig,colon,3,3,2,key|value,false,genomic,0,Parsed as key-value text; values are not reported. Forced key-value metadata parsing to avoid treating ID lists as field names.
data/raw/AACR GENIE Biopharma Collaborative Public/Data Releases/PANC/1.0-public/cBioPortal_files/data_gene_panel_UHN-OCA-V3.txt,data_gene_panel_UHN-OCA-V3.txt,.txt,delimited_text,901,0.0009,ea0166ee9e3ecc8be2ee75196fd7a240903305aa57a52b38cb1dbc5cb82e3aa9,utf-8-sig,colon,3,3,2,key|value,false,genomic,0,Parsed as key-value text; values are not reported. Forced key-value metadata parsing to avoid treating ID lists as field names.
data/raw/AACR GENIE Biopharma Collaborative Public/Data Releases/PANC/1.0-public/cBioPortal_files/data_gene_panel_VICC-01-T5A.txt,data_gene_panel_VICC-01-T5A.txt,.txt,delimited_text,1950,0.0019,eba0222e5e91b01bc7be3dcaed50d17a6f24bf20789b1640bf287c518adf4921,utf-8-sig,colon,3,3,2,key|value,false,genomic,0,Parsed as key-value text; values are not reported. Forced key-value metadata parsing to avoid treating ID lists as field names.
data/raw/AACR GENIE Biopharma Collaborative Public/Data Releases/PANC/1.0-public/cBioPortal_files/data_gene_panel_VICC-01-T7.txt,data_gene_panel_VICC-01-T7.txt,.txt,delimited_text,2566,0.0024,bb1f1b33d0a9623890caf9dee911fbaa2a67dcb5a6cec1e6e706c82420463991,utf-8-sig,colon,3,3,2,key|value,false,genomic,0,Parsed as key-value text; values are not reported. Forced key-value metadata parsing to avoid treating ID lists as field names.
data/raw/AACR GENIE Biopharma Collaborative Public/Data Releases/PANC/1.0-public/cBioPortal_files/data_mutations_extended.txt,data_mutations_extended.txt,.txt,delimited_text,2583240,2.4636,668f999ce888385157157b1f522633fc9d2089009353f557f3280d85d9f1dc31,utf-8-sig,tab,7912,7911,64,Hugo_Symbol|Entrez_Gene_Id|Center|NCBI_Build|Chromosome|Start_Position|End_Position|Strand|Consequence|Variant_Classification|Variant_Type|Reference_Allele|Tumor_Seq_Allele1|Tumor_Seq_Allele2|dbSNP_RS|dbSNP_Val_Status|Tumor_Sample_Barcode|Matched_Norm_Sample_Barcode|Match_Norm_Seq_Allele1|Match_Norm_Seq_Allele2|Tumor_Validation_Allele1|Tumor_Validation_Allele2|Match_Norm_Validation_Allele1|Match_Norm_Validation_Allele2|Verification_Status|Validation_Status|Mutation_Status|Sequencing_Phase|Sequence_Source|Validation_Method|Score|BAM_File|Sequencer|t_ref_count|t_alt_count|n_ref_count|n_alt_count|HGVSc|HGVSp|HGVSp_Short|Transcript_ID|RefSeq|Protein_position|Codons|Exon_Number|gnomAD_AF|gnomAD_AFR_AF|gnomAD_AMR_AF|gnomAD_ASJ_AF|gnomAD_EAS_AF|gnomAD_FIN_AF|gnomAD_NFE_AF|gnomAD_OTH_AF|gnomAD_SAS_AF|FILTER|Polyphen_Prediction|Polyphen_Score|SIFT_Prediction|SIFT_Score|SWISSPROT|n_depth|t_depth|Annotation_Status|mutationInCis_Flag,false,genomic,0,
data/raw/AACR GENIE Biopharma Collaborative Public/Data Releases/PANC/1.0-public/cBioPortal_files/data_sv.txt,data_sv.txt,.txt,delimited_text,66708,0.0636,17bfaaf9dc4cb4e8066d625521485c58479cc103dcd1a70e83df025c5fa03271,utf-8-sig,tab,237,236,40,Center|Sample_Id|SV_Status|Site1_Hugo_Symbol|Site2_Hugo_Symbol|Site1_Ensembl_Transcript_Id|Site2_Ensembl_Transcript_Id|Site1_Entrez_Gene_Id|Site2_Entrez_Gene_Id|Site1_Region_Number|Site2_Region_Number|Site1_Region|Site2_Region|Site1_Chromosome|Site2_Chromosome|Site1_Contig|Site2_Contig|Site1_Position|Site2_Position|Site1_Description|Site2_Description|Site2_Effect_On_Frame|NCBI_Build|Class|Tumor_Split_Read_Count|Tumor_Paried_End_Read_Count|Event_Info|Breakpoint_Type|Connection_Type|Annotation|DNA_Support|RNA_Support|SV_Length|Normal_Read_Count|Tumor_Read_Count|Normal_Variant_Count|Tumor_Variant_Count|Normal_Paired_End_Read_Count|Normal_Split_Read_Count|Comments,false,genomic,0,
data/raw/AACR GENIE Biopharma Collaborative Public/Data Releases/PANC/1.0-public/cBioPortal_files/data_timeline_cancer_diagnosis.txt,data_timeline_cancer_diagnosis.txt,.txt,delimited_text,146878,0.1401,8ee6be9902f74f3c31daf64318bb97bcdf2c8f69f201d969cec3bc3a07fad0f8,utf-8-sig,tab,1390,1389,13,PATIENT_ID|START_DATE|STOP_DATE|EVENT_TYPE|AGE_DX|CA_HIST_ADENO_SQUAMOUS|CA_HISTOLOGY|CA_N_REGIMENS|CANCER_NO|CA_TX_PRE_PATH_STAGE|CA_D_TYPE|INDEX_CANCER|STAGE_DX,false,diagnosis_or_cancer,0,
data/raw/AACR GENIE Biopharma Collaborative Public/Data Releases/PANC/1.0-public/cBioPortal_files/data_timeline_imaging.txt,data_timeline_imaging.txt,.txt,delimited_text,2005821,1.9129,2fc9ea80e6fab1d5a839ec17e9d3fae9808e1bf5ca1484317dcb66f5c3bb9875,utf-8-sig,tab,14521,14520,10,PATIENT_ID|START_DATE|STOP_DATE|EVENT_TYPE|CANCER_STATUS|CURATED_CANCER_STATUS|IMAGE_SCAN_TYPE|INSTITUTION|SCAN_NUMBER|SCAN_SITES,false,outcome_or_followup,0,
data/raw/AACR GENIE Biopharma Collaborative Public/Data Releases/PANC/1.0-public/cBioPortal_files/data_timeline_labtest.txt,data_timeline_labtest.txt,.txt,delimited_text,1082132,1.032,50756b267ad6e2e6cdf9fa0c6a2ac37641714febae856be9306c6252f602a0b9,utf-8-sig,tab,17719,17718,9,PATIENT_ID|START_DATE|STOP_DATE|EVENT_TYPE|TM_NORMAL_RANGE_UPPER|RESULT|TM_NUMBER|TM_RESULT_UNITS|TEST,false,outcome_or_followup,0,
data/raw/AACR GENIE Biopharma Collaborative Public/Data Releases/PANC/1.0-public/cBioPortal_files/data_timeline_medonc.txt,data_timeline_medonc.txt,.txt,delimited_text,2609913,2.489,fb35ac18201233eb8efdd8c380e05b8d0d95e6bb909623013f9e87d5006804ee,utf-8-sig,tab,15871,15870,8,PATIENT_ID|START_DATE|STOP_DATE|EVENT_TYPE|CANCER_STATUS|CURATED_CANCER_STATUS|CANCER_SUBTYPE_CURATED|VISIT_NUMBER,false,treatment,0,
data/raw/AACR GENIE Biopharma Collaborative Public/Data Releases/PANC/1.0-public/cBioPortal_files/data_timeline_pathology.txt,data_timeline_pathology.txt,.txt,delimited_text,235802,0.2249,761b446d17f8c12cbb5768dcbae142493632ca7eeabf6ef4d88b82503813683c,utf-8-sig,tab,3533,3532,13,PATIENT_ID|START_DATE|STOP_DATE|EVENT_TYPE|N_SPECIMEN_INSITU|N_SPECIMEN_INV|PATH_CA_INV_ANY|PATH_INSITU_ANY|PATH_PROC_NUMBER|PATH_PROC_TYPE|PATH_REP_NUMBER|PDL1_POSITIVE_ANY|PDL1_TESTING,false,待确认,0,
data/raw/AACR GENIE Biopharma Collaborative Public/Data Releases/PANC/1.0-public/cBioPortal_files/data_timeline_sample_acquisition.txt,data_timeline_sample_acquisition.txt,.txt,delimited_text,83378,0.0795,af424d30b9331eff62ae551fca4f820e50769b5255ab8247cd1532f4b6df087f,utf-8-sig,tab,1131,1130,8,PATIENT_ID|START_DATE|STOP_DATE|EVENT_TYPE|CA_SEQ|SAMPLE_ID|CPT_NUMBER|PATH_PROC_NUMBER,false,sample_or_ngs_test,0,
data/raw/AACR GENIE Biopharma Collaborative Public/Data Releases/PANC/1.0-public/cBioPortal_files/data_timeline_sequencing.txt,data_timeline_sequencing.txt,.txt,delimited_text,73429,0.07,2df2de7d43554705012859a9ba9c1eec0020cf006cecdd441ea72f5808a48d2e,utf-8-sig,tab,1134,1133,7,PATIENT_ID|START_DATE|STOP_DATE|EVENT_TYPE|CA_SEQ|SAMPLE_ID|CPT_NUMBER,false,待确认,0,
data/raw/AACR GENIE Biopharma Collaborative Public/Data Releases/PANC/1.0-public/cBioPortal_files/data_timeline_treatment.txt,data_timeline_treatment.txt,.txt,delimited_text,954734,0.9105,c41f96fd569f75f687bbfdef8e20a80f6149d7f79064f2b7e5140962f23cf74c,utf-8-sig,tab,7671,7670,14,PATIENT_ID|START_DATE|STOP_DATE|EVENT_TYPE|TREATMENT_TYPE|AGENT|REGIMEN|REGIMEN_NUMBER|DURATION_DX_START_STOP|CA_SEQ|DRUGS_CT_YN|DRUGS_DC_YN|REDCAP_CA_INDEX|RT_DOSE,false,treatment,0,
data/raw/AACR GENIE Biopharma Collaborative Public/Data Releases/PANC/1.0-public/cBioPortal_files/genomic_information.txt,genomic_information.txt,.txt,delimited_text,7064539,6.7373,21b49e2b9a1216a67bd7447281faab9f59e2c3716a8e36b6dbdee0b7148e8782,utf-8-sig,tab,115194,115193,9,Chromosome|Start_Position|End_Position|Hugo_Symbol|ID|SEQ_ASSAY_ID|Feature_Type|includeInPanel|clinicalReported,false,genomic,0,
data/raw/AACR GENIE Biopharma Collaborative Public/Data Releases/PANC/1.0-public/cBioPortal_files/meta_clinical_patient.txt,meta_clinical_patient.txt,.txt,delimited_text,144,0.0001,cdf25a01f3b9bad35bf7827151eb97ccef65c8452c6eeefb5c82a80a8a5539f6,utf-8-sig,colon,4,4,2,key|value,false,metadata_or_case_list,0,Parsed as key-value text; values are not reported. Forced key-value metadata parsing to avoid treating ID lists as field names.
data/raw/AACR GENIE Biopharma Collaborative Public/Data Releases/PANC/1.0-public/cBioPortal_files/meta_clinical_sample.txt,meta_clinical_sample.txt,.txt,delimited_text,142,0.0001,223e7de33221cecaa256c07708252f71b3881a1ae807d526fa65510de45cd49b,utf-8-sig,colon,4,4,2,key|value,false,metadata_or_case_list,0,Parsed as key-value text; values are not reported. Forced key-value metadata parsing to avoid treating ID lists as field names.
data/raw/AACR GENIE Biopharma Collaborative Public/Data Releases/PANC/1.0-public/cBioPortal_files/meta_CNA.txt,meta_CNA.txt,.txt,delimited_text,270,0.0003,44495da167787c50282d179247dce9c97a122bad6a8a7c1d21068f04790fbaba,utf-8-sig,colon,8,8,2,key|value,false,metadata_or_case_list,0,Parsed as key-value text; values are not reported. Forced key-value metadata parsing to avoid treating ID lists as field names.
data/raw/AACR GENIE Biopharma Collaborative Public/Data Releases/PANC/1.0-public/cBioPortal_files/meta_cna_hg19_seg.txt,meta_cna_hg19_seg.txt,.txt,delimited_text,207,0.0002,aae0a28a80c8766130f84488e515422c9f2d5fccd33c3438015be1bc4e2e4cfb,utf-8-sig,colon,6,6,2,key|value,false,metadata_or_case_list,0,Parsed as key-value text; values are not reported. Forced key-value metadata parsing to avoid treating ID lists as field names.
data/raw/AACR GENIE Biopharma Collaborative Public/Data Releases/PANC/1.0-public/cBioPortal_files/meta_gene_matrix.txt,meta_gene_matrix.txt,.txt,delimited_text,147,0.0001,04b101465fcc7573070ca58b7c04ff76b7f3ff51d98e8b258383b8d43406520a,utf-8-sig,colon,4,4,2,key|value,false,metadata_or_case_list,0,Parsed as key-value text; values are not reported. Forced key-value metadata parsing to avoid treating ID lists as field names.
data/raw/AACR GENIE Biopharma Collaborative Public/Data Releases/PANC/1.0-public/cBioPortal_files/meta_mutations_extended.txt,meta_mutations_extended.txt,.txt,delimited_text,283,0.0003,2f6693141cc65d1ad5bb4c5f37f23bb3108186889feec185702eb2a444f5b538,utf-8-sig,colon,8,8,2,key|value,false,metadata_or_case_list,0,Parsed as key-value text; values are not reported. Forced key-value metadata parsing to avoid treating ID lists as field names.
data/raw/AACR GENIE Biopharma Collaborative Public/Data Releases/PANC/1.0-public/cBioPortal_files/meta_study.txt,meta_study.txt,.txt,delimited_text,717,0.0007,f31180cb6a2012938f7dc08efc1cd076508dc06e5c7fc3dc579c72df808a1d2f,utf-8-sig,colon,6,6,2,key|value,false,metadata_or_case_list,0,Parsed as key-value text; values are not reported. Forced key-value metadata parsing to avoid treating ID lists as field names.
data/raw/AACR GENIE Biopharma Collaborative Public/Data Releases/PANC/1.0-public/cBioPortal_files/meta_sv.txt,meta_sv.txt,.txt,delimited_text,268,0.0003,f709a155855d6e60eab799c76299a04e510970bba176631b8088753f441e5f88,utf-8-sig,colon,8,8,2,key|value,false,metadata_or_case_list,0,Parsed as key-value text; values are not reported. Forced key-value metadata parsing to avoid treating ID lists as field names.
data/raw/AACR GENIE Biopharma Collaborative Public/Data Releases/PANC/1.0-public/cBioPortal_files/meta_timeline_cancer_diagnosis.txt,meta_timeline_cancer_diagnosis.txt,.txt,delimited_text,143,0.0001,34e175735c79b5dbc1ca5172dfe8951a80622fff4a0193f862f5810f9a94123a,utf-8-sig,colon,4,4,2,key|value,false,metadata_or_case_list,0,Parsed as key-value text; values are not reported. Forced key-value metadata parsing to avoid treating ID lists as field names.
data/raw/AACR GENIE Biopharma Collaborative Public/Data Releases/PANC/1.0-public/cBioPortal_files/meta_timeline_imaging.txt,meta_timeline_imaging.txt,.txt,delimited_text,134,0.0001,5e9ba7691c9f1702fb5ebca0e991d3fa440d7a302ca5491a70d1a56ba747fdde,utf-8-sig,colon,4,4,2,key|value,false,metadata_or_case_list,0,Parsed as key-value text; values are not reported. Forced key-value metadata parsing to avoid treating ID lists as field names.
data/raw/AACR GENIE Biopharma Collaborative Public/Data Releases/PANC/1.0-public/cBioPortal_files/meta_timeline_labtest.txt,meta_timeline_labtest.txt,.txt,delimited_text,134,0.0001,4c7b27bcde11f5c5927949743d4c139723b8e3dc082cda0b53e59fcfe1e3e8d2,utf-8-sig,colon,4,4,2,key|value,false,metadata_or_case_list,0,Parsed as key-value text; values are not reported. Forced key-value metadata parsing to avoid treating ID lists as field names.
data/raw/AACR GENIE Biopharma Collaborative Public/Data Releases/PANC/1.0-public/cBioPortal_files/meta_timeline_medonc.txt,meta_timeline_medonc.txt,.txt,delimited_text,133,0.0001,114c57d8f461e19654757d88975731b55f2504532d0c0da22a9bde2c4e9633c3,utf-8-sig,colon,4,4,2,key|value,false,metadata_or_case_list,0,Parsed as key-value text; values are not reported. Forced key-value metadata parsing to avoid treating ID lists as field names.
data/raw/AACR GENIE Biopharma Collaborative Public/Data Releases/PANC/1.0-public/cBioPortal_files/meta_timeline_pathology.txt,meta_timeline_pathology.txt,.txt,delimited_text,136,0.0001,31b637d81ecbdbbc90653f32e5980ee25b6b9f5b4be34ae63986f4c7992431ef,utf-8-sig,colon,4,4,2,key|value,false,metadata_or_case_list,0,Parsed as key-value text; values are not reported. Forced key-value metadata parsing to avoid treating ID lists as field names.
data/raw/AACR GENIE Biopharma Collaborative Public/Data Releases/PANC/1.0-public/cBioPortal_files/meta_timeline_sample_acquisition.txt,meta_timeline_sample_acquisition.txt,.txt,delimited_text,145,0.0001,ad8668137c1d8e5a7500969cb01d2143cae9fcab08308f1808f8196372c65b74,utf-8-sig,colon,4,4,2,key|value,false,metadata_or_case_list,0,Parsed as key-value text; values are not reported. Forced key-value metadata parsing to avoid treating ID lists as field names.
data/raw/AACR GENIE Biopharma Collaborative Public/Data Releases/PANC/1.0-public/cBioPortal_files/meta_timeline_sequencing.txt,meta_timeline_sequencing.txt,.txt,delimited_text,137,0.0001,8924f7fbc6d11bd779ce2b541be7cfa94b82a8c604495f431ec096983ca8a4ba,utf-8-sig,colon,4,4,2,key|value,false,metadata_or_case_list,0,Parsed as key-value text; values are not reported. Forced key-value metadata parsing to avoid treating ID lists as field names.
data/raw/AACR GENIE Biopharma Collaborative Public/Data Releases/PANC/1.0-public/cBioPortal_files/meta_timeline_treatment.txt,meta_timeline_treatment.txt,.txt,delimited_text,136,0.0001,e9d9132c95a22d1e9180b47e1352b9ee9e240fccdd91a0adc37b72a43390a1ee,utf-8-sig,colon,4,4,2,key|value,false,metadata_or_case_list,0,Parsed as key-value text; values are not reported. Forced key-value metadata parsing to avoid treating ID lists as field names.
data/raw/AACR GENIE Biopharma Collaborative Public/Data Releases/PANC/1.0-public/clinical_data/ca_radtx_dataset.csv,ca_radtx_dataset.csv,.csv,delimited_text,168158,0.1604,bf6c2d2b180696a7907de514240b495381bd42afb246ae73870b5b855fe6363c,utf-8-sig,comma,527,526,83,cohort|record_id|institution|ca_seq|rt_number|rt_summ|rt_inst|rt_type|rt_planning|dx_rt_start_days|dx_rt_start_mos|dx_rt_start_yrs|rt_rt_int|rt_site___1|rt_site___2|rt_site___3|rt_site___4|rt_site___5|rt_site___6|rt_site___7|rt_site___9|rt_site___10|rt_site___11|rt_site___12|rt_site___13|rt_site___14|rt_site___20|rt_site___21|rt_site___22|rt_site___23|rt_site___24|rt_site___25|rt_site___26|rt_site___29|rt_site___30|rt_site___31|rt_site___32|rt_site___39|rt_site___40|rt_site___41|rt_site___42|rt_site___50|rt_site___51|rt_site___52|rt_site___53|rt_site___54|rt_site___55|rt_site___56|rt_site___57|rt_site___58|rt_site___59|rt_site___60|rt_site___61|rt_site___62|rt_site___63|rt_site___64|rt_site___65|rt_site___66|rt_site___67|rt_site___68|rt_site___70|rt_site___71|rt_site___72|rt_site___73|rt_site___80|rt_site___81|rt_site___82|rt_site___83|rt_site___84|rt_site___85|rt_site___86|rt_site___88|rt_site___90|rt_site___91|rt_site___92|rt_site___93|rt_site___94|rt_site___95|rt_site___96|rt_dose|rt_fractions|rt_total_dose|release_version,false,treatment,0,
data/raw/AACR GENIE Biopharma Collaborative Public/Data Releases/PANC/1.0-public/clinical_data/cancer_level_dataset_index.csv,cancer_level_dataset_index.csv,.csv,delimited_text,947662,0.9038,3b2d039ff343e556278f6d1104423d0bb8ef20ab9a17e10d4ee78e6076bd4ae3,utf-8-sig,comma,1111,1110,173,cohort|record_id|institution|release_version|tr_eligible|ca_seq|redcap_ca_index|dob_ca_dx_days|dob_ca_dx_mos|dob_ca_dx_yrs|ca_dx_how|dob_next_ca_days|dob_next_ca_mos|dob_next_ca_yrs|first_index_ca_days|first_index_ca_mos|first_index_ca_yrs|naaccr_first_contact_int|age_dx|ca_d_site|ca_type|naaccr_histology_cd|ca_histology|ca_hist_adeno_squamous|naaccr_behavior_cd|naaccr_laterality_cd|ca_grade|best_ajcc_stage_cd|stage_dx|stage_dx_iv|naaccr_tnm_path_desc|naaccr_path_t_cd|ca_path_t_stage|ca_path_t1_det|ca_path_t2_det|ca_path_t3_det|ca_path_t4_det|naaccr_path_n_cd|ca_path_n_stage|ca_path_n1_det|ca_path_n2_det|ca_path_n3_det|naaccr_path_m_cd|naaccr_path_stage_cd|ca_path_group_stage|naaccr_clin_t_cd|ca_clin_t_stage|ca_clin_t1_det|ca_clin_t2_det|ca_clin_t3_det|ca_clin_t4_det|naaccr_clin_n_cd|ca_clin_n_stage|ca_clin_n1_det|ca_clin_n2_det|ca_clinical_n3_det|naaccr_clin_m_cd|naaccr_clin_stage_cd|naaccr_seer_sum_stage|ca_tx_pre_path_stage|summary_stage|naaccr_tnm_edition_num|ca_dmets_yn|ca_first_dmets1|ca_first_dmets2|ca_first_dmets3|ca_first_dmets4|ca_first_dmets5|ca_first_dmets6|ca_first_dmets7|ca_first_dmets8|ca_first_dmets9|ca_first_dmets10|ca_resect_status|ca_n_regimens|dmets_post_dx|dx_to_dmets_days|dx_to_dmets_mos|dx_to_dmets_yrs|dist_mets_abdomen|dx_to_dist_mets_abdomen_days|dx_to_dist_mets_abdomen_mos|dx_to_dist_mets_abdomen_yrs|dist_mets_adrenal|dx_to_dist_mets_adrenal_days|dx_to_dist_mets_adrenal_mos|dx_to_dist_mets_adrenal_yrs|dist_mets_bone|dx_to_dist_mets_bone_days|dx_to_dist_mets_bone_mos|dx_to_dist_mets_bone_yrs|dist_mets_bone_marrow|dx_to_dist_mets_bone_marrow_days|dx_to_dist_mets_bone_marrow_mos|dx_to_dist_mets_bone_marrow_yrs|dist_mets_brain_cns|dx_to_dist_mets_brain_cns_days|dx_to_dist_mets_brain_cns_mos|dx_to_dist_mets_brain_cns_yrs|dist_mets_breast|dx_to_dist_mets_breast_days|dx_to_dist_mets_breast_mos|dx_to_dist_mets_breast_yrs|dist_mets_head_and_neck|dx_to_dist_mets_head_and_neck_days|dx_to_dist_mets_head_and_neck_mos|dx_to_dist_mets_head_and_neck_yrs|dist_mets_liver|dx_to_dist_mets_liver_days|dx_to_dist_mets_liver_mos|dx_to_dist_mets_liver_yrs|dist_mets_lymph_nodes|dx_to_dist_mets_lymph_nodes_days|dx_to_dist_mets_lymph_nodes_mos|dx_to_dist_mets_lymph_nodes_yrs|dist_mets_other|dx_to_dist_mets_other_days|dx_to_dist_mets_other_mos|dx_to_dist_mets_other_yrs|dist_mets_pelvis|dx_to_dist_mets_pelvis_days|dx_to_dist_mets_pelvis_mos|dx_to_dist_mets_pelvis_yrs|dist_mets_pericardial_and_malignant_pericardial_effusion|dx_to_dist_mets_pericardial_and_malignant_pericardial_effusion_days|dx_to_dist_mets_pericardial_and_malignant_pericardial_effusion_mos|dx_to_dist_mets_pericardial_and_malignant_pericardial_effusion_yrs|dist_mets_peritoneum_and_malignant_peritoneal_effusion|dx_to_dist_mets_peritoneum_and_malignant_peritoneal_effusion_days|dx_to_dist_mets_peritoneum_and_malignant_peritoneal_effusion_mos|dx_to_dist_mets_peritoneum_and_malignant_peritoneal_effusion_yrs|dist_mets_pleura_and_malignant_pleural_effusion|dx_to_dist_mets_pleura_and_malignant_pleural_effusion_days|dx_to_dist_mets_pleura_and_malignant_pleural_effusion_mos|dx_to_dist_mets_pleura_and_malignant_pleural_effusion_yrs|dist_mets_pulmonary|dx_to_dist_mets_pulmonary_days|dx_to_dist_mets_pulmonary_mos|dx_to_dist_mets_pulmonary_yrs|dist_mets_skin|dx_to_dist_mets_skin_days|dx_to_dist_mets_skin_mos|dx_to_dist_mets_skin_yrs|dist_mets_thorax|dx_to_dist_mets_thorax_days|dx_to_dist_mets_thorax_mos|dx_to_dist_mets_thorax_yrs|reg_rcvd_before_distant_mets|os_dx_status|tt_os_dx_days|tt_os_dx_mos|tt_os_dx_yrs|os_adv_status|tt_os_adv_days|tt_os_adv_mos|tt_os_adv_yrs|pfs_cohort|pfs_i_adv_status|tt_pfs_i_adv_days|tt_pfs_i_adv_mos|tt_pfs_i_adv_yrs|pfs_m_adv_status|tt_pfs_m_adv_days|tt_pfs_m_adv_mos|tt_pfs_m_adv_yrs|pfs_i_or_m_adv_status|tt_pfs_i_or_m_adv_days|tt_pfs_i_or_m_adv_mos|tt_pfs_i_or_m_adv_yrs|pfs_i_and_m_adv_status|tt_pfs_i_and_m_adv_days|tt_pfs_i_and_m_adv_mos|tt_pfs_i_and_m_adv_yrs,false,diagnosis_or_cancer,0,
data/raw/AACR GENIE Biopharma Collaborative Public/Data Releases/PANC/1.0-public/clinical_data/cancer_level_dataset_non_index.csv,cancer_level_dataset_non_index.csv,.csv,delimited_text,156744,0.1495,4c801bb26235ccc80cf3085e660d1524a840aa3883650137566234f39096d9dc,utf-8-sig,comma,280,279,109,cohort|record_id|institution|release_version|tr_eligible|ca_seq|redcap_ca_index|dob_ca_dx_days|dob_ca_dx_mos|dob_ca_dx_yrs|ca_dx_how|dob_next_ca_days|dob_next_ca_mos|dob_next_ca_yrs|first_index_ca_days|first_index_ca_mos|first_index_ca_yrs|naaccr_first_contact_int|age_dx|ca_d_site|ca_type|ca_type_brain|ca_type_oth|ca_heme_malig|ca_heme_type|naaccr_histology_cd|ca_histology|naaccr_behavior_cd|naaccr_laterality_cd|ca_grade|ca_stage_iv|ca_stage|naaccr_tnm_path_desc|naaccr_path_t_cd|ca_path_t_stage|ca_path_t1_det|ca_path_t2_det|ca_path_t3_det|ca_path_t4_det|naaccr_path_n_cd|ca_path_n_stage|ca_path_n1_det|ca_path_n2_det|ca_path_n3_det|naaccr_path_m_cd|naaccr_path_stage_cd|ca_path_group_stage|naaccr_clin_t_cd|ca_clin_t_stage|ca_clin_t1_det|ca_clin_t2_det|ca_clin_t3_det|ca_clin_t4_det|naaccr_clin_n_cd|ca_clin_n_stage|ca_clin_n1_det|ca_clin_n2_det|ca_clinical_n3_det|naaccr_clin_m_cd|naaccr_clin_stage_cd|naaccr_seer_sum_stage|ca_tx_pre_path_stage|ca_gen_sum_stage_2|summary_stage|naaccr_tnm_edition_num|ca_dmets_yn|ca_first_dmets1|ca_first_dmets2|ca_first_dmets3|ca_first_dmets4|ca_first_dmets5|ca_first_dmets6|ca_first_dmets7|ca_first_dmets8|ca_first_dmets9|ca_first_dmets10|ca_bca_er|ca_bca_pr|ca_bca_her2ihc_val|ca_bca_her2ihc_intp|ca_bca_her_summ|ca_bca_oncotypedx|ca_bca_mgene|ca_bca_mgeneresult|ca_bca_herish|bca_subtype|ca_crc_td|crc_td|ca_crc_crm|ca_crc_peri_inv|ca_pros_clin_gpattern2|ca_pros_clin_gscore|ca_pros_path_gpattern2|ca_pros_path_gscore|ca_pros_path_gtert|ca_pros_num_corespos|ca_pros_num_cores|ca_cigarette|ca_lung_sep_tumor|ca_lung_pl_el_inv|ca_n_regimens|os_dx_status|tt_os_dx_days|tt_os_dx_mos|tt_os_dx_yrs|os_adv_status|tt_os_adv_days|tt_os_adv_mos|tt_os_adv_yrs,false,diagnosis_or_cancer,0,
data/raw/AACR GENIE Biopharma Collaborative Public/Data Releases/PANC/1.0-public/clinical_data/cancer_panel_test_level_dataset.csv,cancer_panel_test_level_dataset.csv,.csv,delimited_text,318853,0.3041,4d3575f4c9d619dbb2395788dbcdb8f99f7773a589389ad49bfe78beffefb5b8,utf-8-sig,comma,1131,1130,29,cohort|record_id|institution|cpt_number|ca_seq|cpt_n_ca_seq|cpt_order_int|cpt_seq_date|dob_cpt_report_days|dob_cpt_report_mos|dob_cpt_report_yrs|cpt_report_post_death|cpt_report_post_last_alive|dx_cpt_rep_days|dx_cpt_rep_mos|dx_cpt_rep_yrs|dx_path_proc_cpt_days|dx_path_proc_cpt_mos|dx_path_proc_cpt_yrs|path_proc_cpt_rep_days|path_proc_cpt_rep_mos|path_proc_cpt_rep_yrs|path_proc_number|path_rep_number|cpt_genie_sample_id|cpt_oncotree_code|sample_type|cpt_seq_assay_id|release_version,false,sample_or_ngs_test,0,
data/raw/AACR GENIE Biopharma Collaborative Public/Data Releases/PANC/1.0-public/clinical_data/imaging_level_dataset.csv,imaging_level_dataset.csv,.csv,delimited_text,4814130,4.5911,4aa467d77af1dad16c92e66e60d5ee78a20b06c190e1488e329cb5740ff86c4a,utf-8-sig,comma,14521,14520,42,cohort|record_id|institution|scan_number|image_scan_int|dx_scan_days|dx_scan_mos|dx_scan_yrs|image_ref_scan_int|dx_ref_scan_days|dx_ref_scan_mos|dx_ref_scan_yrs|image_inst_perf|image_inst_inter|image_scan_type|image_scansite___1|image_scansite___2|image_scansite___3|image_scansite___4|image_scansite___5|image_scansite___6|image_scansite___7|image_scansite___8|scan_sites|image_ca|image_overall|image_casite1|image_casite2|image_casite3|image_casite4|image_casite5|image_casite6|image_casite7|image_casite8|image_casite9|image_casite10|image_casite11|image_casite12|image_casite13|image_casite14|image_casite15|release_version,false,genomic,0,
data/raw/AACR GENIE Biopharma Collaborative Public/Data Releases/PANC/1.0-public/clinical_data/manifest.csv,manifest.csv,.csv,delimited_text,3099,0.003,b852319b49d562c055d2a022c0ead51185cc14f15630cb6c9023561613565eac,utf-8-sig,comma,11,10,18,ID|name|versionNumber|contentType|dataFileSizeBytes|createdBy|createdOn|modifiedBy|modifiedOn|parentId|synapseURL|dataFileMD5Hex|cohort|consortium|dataType|project|species|version,false,metadata_or_case_list,0,
data/raw/AACR GENIE Biopharma Collaborative Public/Data Releases/PANC/1.0-public/clinical_data/med_onc_note_level_dataset.csv,med_onc_note_level_dataset.csv,.csv,delimited_text,3656033,3.4867,3580fb85b6f35ce3174a7eff768e0400690ef79087e471606a394edc3ea66e9c,utf-8-sig,comma,15871,15870,13,cohort|record_id|institution|md_visit_number|md_onc_visit_int|dx_md_visit_days|dx_md_visit_mos|dx_md_visit_yrs|md_inst|md_type_ca_cur|md_ca|md_ca_status|release_version,false,genomic,0,
data/raw/AACR GENIE Biopharma Collaborative Public/Data Releases/PANC/1.0-public/clinical_data/pathology_report_level_dataset.csv,pathology_report_level_dataset.csv,.csv,delimited_text,2284614,2.1788,b7ef6e6704765fa15925f22e4a9312eb4693076b25ae0e32dd9689026264463b,utf-8-sig,comma,3533,3532,327,cohort|record_id|institution|path_proc_number|path_rep_number|path_proc_inst|path_rep_inst|path_proc_int|dx_path_proc_days|dx_path_proc_mos|dx_path_proc_yrs|path_proc_type|path_proc|path_num_spec|<redacted_dynamic_sample_columns:295>|path_insitu_any|n_specimen_insitu|path_ca_inv_any|n_specimen_inv|msi_testing|msi_yn|msi_prepaint|msi_result|msi_high_any|msi_high|msi_low|mmr_testing|mmr_yn|mmr_prepaint|mmr_result|mmrp_det|mmrd_det|release_version,true,genomic,0,295 dynamic wide-matrix columns redacted.
data/raw/AACR GENIE Biopharma Collaborative Public/Data Releases/PANC/1.0-public/clinical_data/patient_level_dataset.csv,patient_level_dataset.csv,.csv,delimited_text,298539,0.2847,a8a01a9ebacb9a7fd2aaf5a7da7bc7a2adcca618a0ad90212f9a224eb61e5570,utf-8-sig,comma,1110,1109,51,cohort|record_id|institution|redacted|birth_year|naaccr_ethnicity_code|naaccr_race_code_primary|naaccr_race_code_secondary|naaccr_race_code_tertiary|naaccr_sex_code|last_oncvisit_int|last_alive_int|last_anyvisit_int|enroll_hospice_int|dob_lastalive_int|dob_lastalive_int_mos|dob_lastalive_int_yrs|age_last_fu_yrs|hybrid_death_int|age_death_yrs|hybrid_death_source|n_cancers|n_cancers_index|n_regimens_pt|n_imaging_reports_pt|n_scans_ct_pt|n_scans_mri_pt|n_scans_pet_ct_pt|n_scans_mammog_pt|n_scans_bone_pt|n_scans_other_pt|n_path_reports_pt|n_md_notes_pt|n_tm_pt|n_tm_afp_pt|n_tm_bh_cg_pt|n_tm_ca125_pt|n_tm_ca15_3_pt|n_tm_ca19_9_pt|n_tm_ca2729_pt|n_tm_calcitonin_pt|n_tm_cea_pt|n_tm_chromogranin_a_pt|n_tm_ldh_pt|n_tm_psa_pt|n_tm_nse_pt|n_tm_testosterone_pt|n_tm_thyroglobulin_pt|n_cpt_pt|n_rt_pt|release_version,false,patient,0,
data/raw/AACR GENIE Biopharma Collaborative Public/Data Releases/PANC/1.0-public/clinical_data/regimen_cancer_level_dataset.csv,regimen_cancer_level_dataset.csv,.csv,delimited_text,2912480,2.7776,47d19f2af88ad0b0a3e7cb301cdcc596c0fbae0acf1771afe777e37088a3f94c,utf-8-sig,comma,3154,3153,102,cohort|record_id|institution|ca_seq|regimen_number|regimen_number_within_cancer|redcap_ca_index|drugs_num|drugs_inst|drugs_firstinst|drugs_ct_yn|drugs_dc_ynu|regimen_drugs|drugs_drug_1|drugs_drug_2|drugs_drug_3|drugs_drug_4|drugs_drug_5|drugs_startdt_int_1|drugs_startdt_int_2|drugs_startdt_int_3|drugs_startdt_int_4|drugs_startdt_int_5|dx_drug_start_int_1|dx_drug_start_int_2|dx_drug_start_int_3|dx_drug_start_int_4|dx_drug_start_int_5|dx_drug_start_int_mos_1|dx_drug_start_int_mos_2|dx_drug_start_int_mos_3|dx_drug_start_int_mos_4|dx_drug_start_int_mos_5|dx_drug_end_int_1|dx_drug_end_int_2|dx_drug_end_int_3|dx_drug_end_int_4|dx_drug_end_int_5|dx_drug_end_int_mos_1|dx_drug_end_int_mos_2|dx_drug_end_int_mos_3|dx_drug_end_int_mos_4|dx_drug_end_int_mos_5|dx_drug_end_or_lastadm_int_1|dx_drug_end_or_lastadm_int_2|dx_drug_end_or_lastadm_int_3|dx_drug_end_or_lastadm_int_4|dx_drug_end_or_lastadm_int_5|dx_reg_start_int|dx_reg_start_int_mos|dx_reg_start_int_yrs|dx_reg_end_any_int|dx_reg_end_any_int_mos|dx_reg_end_any_int_yrs|dx_reg_end_all_int|dx_reg_end_all_int_mos|dx_reg_end_all_int_yrs|os_d_status|tt_os_d1_days|tt_os_d2_days|tt_os_d3_days|tt_os_d4_days|tt_os_d5_days|tt_os_d1_mos|tt_os_d2_mos|tt_os_d3_mos|tt_os_d4_mos|tt_os_d5_mos|tt_os_d1_yrs|tt_os_d2_yrs|tt_os_d3_yrs|tt_os_d4_yrs|tt_os_d5_yrs|os_g_status|tt_os_g_days|tt_os_g_mos|tt_os_g_yrs|pfs_i_g_status|tt_pfs_i_g_days|tt_pfs_i_g_mos|tt_pfs_i_g_yrs|pfs_m_g_status|tt_pfs_m_g_days|tt_pfs_m_g_mos|tt_pfs_m_g_yrs|pfs_i_or_m_g_status|tt_pfs_i_or_m_g_days|tt_pfs_i_or_m_g_mos|tt_pfs_i_or_m_g_yrs|pfs_i_and_m_g_status|tt_pfs_i_and_m_g_days|tt_pfs_i_and_m_g_mos|tt_pfs_i_and_m_g_yrs|ttnt_any_ca_status|ttnt_any_ca_days|ttnt_any_ca_mos|ttnt_any_ca_yrs|ttnt_ca_seq_status|ttnt_ca_seq_days|ttnt_ca_seq_mos|ttnt_ca_seq_yrs|release_version,false,diagnosis_or_cancer,0,
data/raw/AACR GENIE Biopharma Collaborative Public/Data Releases/PANC/1.0-public/clinical_data/tm_level_dataset.csv,tm_level_dataset.csv,.csv,delimited_text,2098844,2.0016,55fe9a5dab5ed378d76edd29dbd4091f2178d3acff12984de4be0fe8fd2ac54c,utf-8-sig,comma,17719,17718,14,cohort|record_id|institution|tm_number|tm_spec_collect_int|dx_tm_days|dx_tm_mos|dx_tm_yrs|tm_type|tm_num_result|tm_result_units|tm_normal_range_lower|tm_normal_range_upper|release_version,false,genomic,0,
data/raw/AACR GENIE Biopharma Collaborative Public/Data Releases/PANC/1.0-public/Documentation/GENIE BPC PANC 1.0-public Analytic Data Guide.pdf,GENIE BPC PANC 1.0-public Analytic Data Guide.pdf,.pdf,pdf_or_binary_document,1514595,1.4444,da6ea6c678995ee342049549e8b72b5a1bcd7e76395069c4daefe431ff1858fc,,,,,,,false,documentation_or_data_dictionary,,Content not parsed; no PDF parser was assumed or required.
data/raw/AACR GENIE Biopharma Collaborative Public/Data Releases/PANC/1.0-public/Documentation/GENIE BPC PANC v1.0-public Release Notes.pdf,GENIE BPC PANC v1.0-public Release Notes.pdf,.pdf,pdf_or_binary_document,178209,0.17,fc4e3a1e6314002fd89ee45d62fd82252356962e9322fdaf259a5aa3e4d71195,,,,,,,false,documentation_or_data_dictionary,,Content not parsed; no PDF parser was assumed or required.
data/raw/AACR GENIE Biopharma Collaborative Public/Data Releases/PANC/1.0-public/Documentation/GENIE BPC PANC v1.0-public Variable Synopsis.xlsx,GENIE BPC PANC v1.0-public Variable Synopsis.xlsx,.xlsx,xlsx_workbook,162828,0.1553,a40dbdc4b68bd8338efdb85af36a15d179901e165b7d77c6876c8125ced5d4c7,,,,880,11,"This spreadsheet provides an overview and synopsis of the GENIE BPC data. The data structure is complex and multi-level (e.g. some datasets are 1 record per patient, 1 record per diagnosis, 1 record per scan, etc.). Please see the detailed Analytic Data Guide PDF for a full and complete explanation of each variable, its definition and coding levels. The Analytic Data Guide will be provided in conjunction with full release of the data files. 

This spreadsheet is provided as a reference guide only and must be used in conjunction with the fully annotated Analytic Data Guide to ensure proper interpretation of variables for analysis.||||||||||",false,documentation_or_data_dictionary,,"Overview:rows=15,cols=11; Variable Synopsis:rows=865,cols=5"
data/raw/AACR GENIE Biopharma Collaborative Public/Data Releases/PANC/1.0-public/【变量描述表格】GENIE-BPC-PANC-v1.0-public-Variable-Synopsis.xlsx,【变量描述表格】GENIE-BPC-PANC-v1.0-public-Variable-Synopsis.xlsx,.xlsx,xlsx_workbook,162828,0.1553,a40dbdc4b68bd8338efdb85af36a15d179901e165b7d77c6876c8125ced5d4c7,,,,880,11,"This spreadsheet provides an overview and synopsis of the GENIE BPC data. The data structure is complex and multi-level (e.g. some datasets are 1 record per patient, 1 record per diagnosis, 1 record per scan, etc.). Please see the detailed Analytic Data Guide PDF for a full and complete explanation of each variable, its definition and coding levels. The Analytic Data Guide will be provided in conjunction with full release of the data files. 

This spreadsheet is provided as a reference guide only and must be used in conjunction with the fully annotated Analytic Data Guide to ensure proper interpretation of variables for analysis.||||||||||",false,documentation_or_data_dictionary,,"Overview:rows=15,cols=11; Variable Synopsis:rows=865,cols=5"
data/raw/AACR GENIE Biopharma Collaborative Public/Data Releases/PANC/1.0-public/【数据手册】GENIE-BPC-PANC-1.0-public-Analytic-Data-Guide.pdf,【数据手册】GENIE-BPC-PANC-1.0-public-Analytic-Data-Guide.pdf,.pdf,pdf_or_binary_document,919166,0.8766,82f1e46395c304b15027bcf6b6e6c3cdd57723c84147f87d25830de72376f4ce,,,,,,,false,documentation_or_data_dictionary,,Content not parsed; no PDF parser was assumed or required.
data/raw/AACR GENIE Biopharma Collaborative Public/Data Releases/PANC/1.0-public/【数据集概览PPT】20260310_PANC-1.0-public_preview_graphics.pdf,【数据集概览PPT】20260310_PANC-1.0-public_preview_graphics.pdf,.pdf,pdf_or_binary_document,1041843,0.9936,bb4c632121c52086e32a37b3d7be29cd0153745ab6ec116dacd0a90cdb2b61f0,,,,,,,false,待确认,,Content not parsed; no PDF parser was assumed or required.
data/raw/AACR GENIE Biopharma Collaborative Public/Data Releases/PANC/1.0-public/数据集内容概述_PANC.txt,数据集内容概述_PANC.txt,.txt,delimited_text,4505,0.0043,de538911757ede008d24c3656f894b41ba425a6a53cb32775da9fa065c08a497,utf-8-sig,colon,67,22,2,key|value,false,待确认,0,Parsed as key-value text; values are not reported.
