source_table,source_field,target_table,target_field,relationship_type,evidence,caution
data/raw/AACR GENIE Biopharma Collaborative Public/Data Releases/PANC/1.0-public/cBioPortal_files/data_clinical_patient.txt,PATIENT_ID,data/raw/AACR GENIE Biopharma Collaborative Public/Data Releases/PANC/1.0-public/cBioPortal_files/data_clinical_patient.txt,PATIENT_ID,candidate_primary_key,unique_count equals row_count (1109) and no missing values,Heuristic only; confirm against data dictionary.
data/raw/AACR GENIE Biopharma Collaborative Public/Data Releases/PANC/1.0-public/cBioPortal_files/data_clinical_sample.txt,SAMPLE_ID,data/raw/AACR GENIE Biopharma Collaborative Public/Data Releases/PANC/1.0-public/cBioPortal_files/data_clinical_sample.txt,SAMPLE_ID,candidate_primary_key,unique_count equals row_count (1130) and no missing values,Heuristic only; confirm against data dictionary.
data/raw/AACR GENIE Biopharma Collaborative Public/Data Releases/PANC/1.0-public/cBioPortal_files/data_clinical_supp_survival.txt,PATIENT_ID,data/raw/AACR GENIE Biopharma Collaborative Public/Data Releases/PANC/1.0-public/cBioPortal_files/data_clinical_supp_survival.txt,PATIENT_ID,candidate_primary_key,unique_count equals row_count (1109) and no missing values,Heuristic only; confirm against data dictionary.
data/raw/AACR GENIE Biopharma Collaborative Public/Data Releases/PANC/1.0-public/cBioPortal_files/data_clinical_supp_survival_treatment.txt,PATIENT_ID,data/raw/AACR GENIE Biopharma Collaborative Public/Data Releases/PANC/1.0-public/cBioPortal_files/data_clinical_supp_survival_treatment.txt,PATIENT_ID,candidate_primary_key,unique_count equals row_count (1002) and no missing values,Heuristic only; confirm against data dictionary.
data/raw/AACR GENIE Biopharma Collaborative Public/Data Releases/PANC/1.0-public/cBioPortal_files/data_gene_matrix.txt,SAMPLE_ID,data/raw/AACR GENIE Biopharma Collaborative Public/Data Releases/PANC/1.0-public/cBioPortal_files/data_gene_matrix.txt,SAMPLE_ID,candidate_primary_key,unique_count equals row_count (1130) and no missing values,Heuristic only; confirm against data dictionary.
data/raw/AACR GENIE Biopharma Collaborative Public/Data Releases/PANC/1.0-public/cBioPortal_files/data_timeline_sample_acquisition.txt,SAMPLE_ID,data/raw/AACR GENIE Biopharma Collaborative Public/Data Releases/PANC/1.0-public/cBioPortal_files/data_timeline_sample_acquisition.txt,SAMPLE_ID,candidate_primary_key,unique_count equals row_count (1130) and no missing values,Heuristic only; confirm against data dictionary.
data/raw/AACR GENIE Biopharma Collaborative Public/Data Releases/PANC/1.0-public/clinical_data/cancer_panel_test_level_dataset.csv,cpt_genie_sample_id,data/raw/AACR GENIE Biopharma Collaborative Public/Data Releases/PANC/1.0-public/clinical_data/cancer_panel_test_level_dataset.csv,cpt_genie_sample_id,candidate_primary_key,unique_count equals row_count (1130) and no missing values,Heuristic only; confirm against data dictionary.
data/raw/AACR GENIE Biopharma Collaborative Public/Data Releases/PANC/1.0-public/clinical_data/cancer_panel_test_level_dataset.csv,record_id+cpt_genie_sample_id,data/raw/AACR GENIE Biopharma Collaborative Public/Data Releases/PANC/1.0-public/clinical_data/cancer_panel_test_level_dataset.csv,record_id+cpt_genie_sample_id,possible_composite_key,ID-like fields; composite uniqueness requires formal confirmation.,No patient-level tuples are written by this audit.
data/raw/AACR GENIE Biopharma Collaborative Public/Data Releases/PANC/1.0-public/clinical_data/manifest.csv,ID,data/raw/AACR GENIE Biopharma Collaborative Public/Data Releases/PANC/1.0-public/clinical_data/manifest.csv,ID,candidate_primary_key,unique_count equals row_count (10) and no missing values,Heuristic only; confirm against data dictionary.
data/raw/AACR GENIE Biopharma Collaborative Public/Data Releases/PANC/1.0-public/clinical_data/patient_level_dataset.csv,record_id,data/raw/AACR GENIE Biopharma Collaborative Public/Data Releases/PANC/1.0-public/clinical_data/patient_level_dataset.csv,record_id,candidate_primary_key,unique_count equals row_count (1109) and no missing values,Heuristic only; confirm against data dictionary.
data/raw/AACR GENIE Biopharma Collaborative Public/Data Releases/PANC/1.0-public/cBioPortal_files/data_clinical_patient.txt,PATIENT_ID,data/raw/AACR GENIE Biopharma Collaborative Public/Data Releases/PANC/1.0-public/cBioPortal_files/data_clinical_sample.txt,PATIENT_ID,shared_identifier_candidate,1109 overlapping distinct non-missing values,Shared identifiers require dictionary confirmation before joins.
data/raw/AACR GENIE Biopharma Collaborative Public/Data Releases/PANC/1.0-public/cBioPortal_files/data_clinical_patient.txt,PATIENT_ID,data/raw/AACR GENIE Biopharma Collaborative Public/Data Releases/PANC/1.0-public/cBioPortal_files/data_clinical_supp_survival.txt,PATIENT_ID,shared_identifier_candidate,1109 overlapping distinct non-missing values,Shared identifiers require dictionary confirmation before joins.
data/raw/AACR GENIE Biopharma Collaborative Public/Data Releases/PANC/1.0-public/cBioPortal_files/data_clinical_patient.txt,PATIENT_ID,data/raw/AACR GENIE Biopharma Collaborative Public/Data Releases/PANC/1.0-public/cBioPortal_files/data_clinical_supp_survival_treatment.txt,PATIENT_ID,shared_identifier_candidate,1002 overlapping distinct non-missing values,Shared identifiers require dictionary confirmation before joins.
data/raw/AACR GENIE Biopharma Collaborative Public/Data Releases/PANC/1.0-public/cBioPortal_files/data_clinical_patient.txt,PATIENT_ID,data/raw/AACR GENIE Biopharma Collaborative Public/Data Releases/PANC/1.0-public/cBioPortal_files/data_timeline_cancer_diagnosis.txt,PATIENT_ID,shared_identifier_candidate,1109 overlapping distinct non-missing values,Shared identifiers require dictionary confirmation before joins.
data/raw/AACR GENIE Biopharma Collaborative Public/Data Releases/PANC/1.0-public/cBioPortal_files/data_clinical_patient.txt,PATIENT_ID,data/raw/AACR GENIE Biopharma Collaborative Public/Data Releases/PANC/1.0-public/cBioPortal_files/data_timeline_imaging.txt,PATIENT_ID,shared_identifier_candidate,1094 overlapping distinct non-missing values,Shared identifiers require dictionary confirmation before joins.
data/raw/AACR GENIE Biopharma Collaborative Public/Data Releases/PANC/1.0-public/cBioPortal_files/data_clinical_patient.txt,PATIENT_ID,data/raw/AACR GENIE Biopharma Collaborative Public/Data Releases/PANC/1.0-public/cBioPortal_files/data_timeline_labtest.txt,PATIENT_ID,shared_identifier_candidate,937 overlapping distinct non-missing values,Shared identifiers require dictionary confirmation before joins.
data/raw/AACR GENIE Biopharma Collaborative Public/Data Releases/PANC/1.0-public/cBioPortal_files/data_clinical_patient.txt,PATIENT_ID,data/raw/AACR GENIE Biopharma Collaborative Public/Data Releases/PANC/1.0-public/cBioPortal_files/data_timeline_medonc.txt,PATIENT_ID,shared_identifier_candidate,1100 overlapping distinct non-missing values,Shared identifiers require dictionary confirmation before joins.
data/raw/AACR GENIE Biopharma Collaborative Public/Data Releases/PANC/1.0-public/cBioPortal_files/data_clinical_patient.txt,PATIENT_ID,data/raw/AACR GENIE Biopharma Collaborative Public/Data Releases/PANC/1.0-public/cBioPortal_files/data_timeline_pathology.txt,PATIENT_ID,shared_identifier_candidate,1109 overlapping distinct non-missing values,Shared identifiers require dictionary confirmation before joins.
data/raw/AACR GENIE Biopharma Collaborative Public/Data Releases/PANC/1.0-public/cBioPortal_files/data_clinical_patient.txt,PATIENT_ID,data/raw/AACR GENIE Biopharma Collaborative Public/Data Releases/PANC/1.0-public/cBioPortal_files/data_timeline_sample_acquisition.txt,PATIENT_ID,shared_identifier_candidate,1109 overlapping distinct non-missing values,Shared identifiers require dictionary confirmation before joins.
data/raw/AACR GENIE Biopharma Collaborative Public/Data Releases/PANC/1.0-public/cBioPortal_files/data_clinical_patient.txt,PATIENT_ID,data/raw/AACR GENIE Biopharma Collaborative Public/Data Releases/PANC/1.0-public/cBioPortal_files/data_timeline_sequencing.txt,PATIENT_ID,shared_identifier_candidate,1109 overlapping distinct non-missing values,Shared identifiers require dictionary confirmation before joins.
data/raw/AACR GENIE Biopharma Collaborative Public/Data Releases/PANC/1.0-public/cBioPortal_files/data_clinical_patient.txt,PATIENT_ID,data/raw/AACR GENIE Biopharma Collaborative Public/Data Releases/PANC/1.0-public/cBioPortal_files/data_timeline_treatment.txt,PATIENT_ID,shared_identifier_candidate,1034 overlapping distinct non-missing values,Shared identifiers require dictionary confirmation before joins.
data/raw/AACR GENIE Biopharma Collaborative Public/Data Releases/PANC/1.0-public/cBioPortal_files/data_clinical_sample.txt,SAMPLE_ID,data/raw/AACR GENIE Biopharma Collaborative Public/Data Releases/PANC/1.0-public/cBioPortal_files/data_gene_matrix.txt,SAMPLE_ID,shared_identifier_candidate,1130 overlapping distinct non-missing values,Shared identifiers require dictionary confirmation before joins.
data/raw/AACR GENIE Biopharma Collaborative Public/Data Releases/PANC/1.0-public/cBioPortal_files/data_clinical_sample.txt,SAMPLE_ID,data/raw/AACR GENIE Biopharma Collaborative Public/Data Releases/PANC/1.0-public/cBioPortal_files/data_mutations_extended.txt,Tumor_Sample_Barcode,shared_identifier_candidate,1087 overlapping distinct non-missing values,Shared identifiers require dictionary confirmation before joins.
data/raw/AACR GENIE Biopharma Collaborative Public/Data Releases/PANC/1.0-public/cBioPortal_files/data_clinical_sample.txt,SAMPLE_ID,data/raw/AACR GENIE Biopharma Collaborative Public/Data Releases/PANC/1.0-public/cBioPortal_files/data_sv.txt,Sample_Id,shared_identifier_candidate,194 overlapping distinct non-missing values,Shared identifiers require dictionary confirmation before joins.
data/raw/AACR GENIE Biopharma Collaborative Public/Data Releases/PANC/1.0-public/cBioPortal_files/data_clinical_sample.txt,SAMPLE_ID,data/raw/AACR GENIE Biopharma Collaborative Public/Data Releases/PANC/1.0-public/cBioPortal_files/data_timeline_sample_acquisition.txt,SAMPLE_ID,shared_identifier_candidate,1130 overlapping distinct non-missing values,Shared identifiers require dictionary confirmation before joins.
data/raw/AACR GENIE Biopharma Collaborative Public/Data Releases/PANC/1.0-public/cBioPortal_files/data_clinical_sample.txt,SAMPLE_ID,data/raw/AACR GENIE Biopharma Collaborative Public/Data Releases/PANC/1.0-public/cBioPortal_files/data_timeline_sequencing.txt,SAMPLE_ID,shared_identifier_candidate,1130 overlapping distinct non-missing values,Shared identifiers require dictionary confirmation before joins.
data/raw/AACR GENIE Biopharma Collaborative Public/Data Releases/PANC/1.0-public/cBioPortal_files/data_clinical_sample.txt,SAMPLE_ID,data/raw/AACR GENIE Biopharma Collaborative Public/Data Releases/PANC/1.0-public/clinical_data/cancer_panel_test_level_dataset.csv,cpt_genie_sample_id,shared_identifier_candidate,1130 overlapping distinct non-missing values,Shared identifiers require dictionary confirmation before joins.
data/raw/AACR GENIE Biopharma Collaborative Public/Data Releases/PANC/1.0-public/cBioPortal_files/data_clinical_sample.txt,PATIENT_ID,data/raw/AACR GENIE Biopharma Collaborative Public/Data Releases/PANC/1.0-public/cBioPortal_files/data_clinical_patient.txt,PATIENT_ID,shared_identifier_candidate,1109 overlapping distinct non-missing values,Shared identifiers require dictionary confirmation before joins.
data/raw/AACR GENIE Biopharma Collaborative Public/Data Releases/PANC/1.0-public/cBioPortal_files/data_clinical_sample.txt,PATIENT_ID,data/raw/AACR GENIE Biopharma Collaborative Public/Data Releases/PANC/1.0-public/cBioPortal_files/data_clinical_supp_survival.txt,PATIENT_ID,shared_identifier_candidate,1109 overlapping distinct non-missing values,Shared identifiers require dictionary confirmation before joins.
data/raw/AACR GENIE Biopharma Collaborative Public/Data Releases/PANC/1.0-public/cBioPortal_files/data_clinical_sample.txt,PATIENT_ID,data/raw/AACR GENIE Biopharma Collaborative Public/Data Releases/PANC/1.0-public/cBioPortal_files/data_clinical_supp_survival_treatment.txt,PATIENT_ID,shared_identifier_candidate,1002 overlapping distinct non-missing values,Shared identifiers require dictionary confirmation before joins.
data/raw/AACR GENIE Biopharma Collaborative Public/Data Releases/PANC/1.0-public/cBioPortal_files/data_clinical_sample.txt,PATIENT_ID,data/raw/AACR GENIE Biopharma Collaborative Public/Data Releases/PANC/1.0-public/cBioPortal_files/data_timeline_cancer_diagnosis.txt,PATIENT_ID,shared_identifier_candidate,1109 overlapping distinct non-missing values,Shared identifiers require dictionary confirmation before joins.
data/raw/AACR GENIE Biopharma Collaborative Public/Data Releases/PANC/1.0-public/cBioPortal_files/data_clinical_sample.txt,PATIENT_ID,data/raw/AACR GENIE Biopharma Collaborative Public/Data Releases/PANC/1.0-public/cBioPortal_files/data_timeline_imaging.txt,PATIENT_ID,shared_identifier_candidate,1094 overlapping distinct non-missing values,Shared identifiers require dictionary confirmation before joins.
data/raw/AACR GENIE Biopharma Collaborative Public/Data Releases/PANC/1.0-public/cBioPortal_files/data_clinical_sample.txt,PATIENT_ID,data/raw/AACR GENIE Biopharma Collaborative Public/Data Releases/PANC/1.0-public/cBioPortal_files/data_timeline_labtest.txt,PATIENT_ID,shared_identifier_candidate,937 overlapping distinct non-missing values,Shared identifiers require dictionary confirmation before joins.
data/raw/AACR GENIE Biopharma Collaborative Public/Data Releases/PANC/1.0-public/cBioPortal_files/data_clinical_sample.txt,PATIENT_ID,data/raw/AACR GENIE Biopharma Collaborative Public/Data Releases/PANC/1.0-public/cBioPortal_files/data_timeline_medonc.txt,PATIENT_ID,shared_identifier_candidate,1100 overlapping distinct non-missing values,Shared identifiers require dictionary confirmation before joins.
data/raw/AACR GENIE Biopharma Collaborative Public/Data Releases/PANC/1.0-public/cBioPortal_files/data_clinical_sample.txt,PATIENT_ID,data/raw/AACR GENIE Biopharma Collaborative Public/Data Releases/PANC/1.0-public/cBioPortal_files/data_timeline_pathology.txt,PATIENT_ID,shared_identifier_candidate,1109 overlapping distinct non-missing values,Shared identifiers require dictionary confirmation before joins.
data/raw/AACR GENIE Biopharma Collaborative Public/Data Releases/PANC/1.0-public/cBioPortal_files/data_clinical_sample.txt,PATIENT_ID,data/raw/AACR GENIE Biopharma Collaborative Public/Data Releases/PANC/1.0-public/cBioPortal_files/data_timeline_sample_acquisition.txt,PATIENT_ID,shared_identifier_candidate,1109 overlapping distinct non-missing values,Shared identifiers require dictionary confirmation before joins.
data/raw/AACR GENIE Biopharma Collaborative Public/Data Releases/PANC/1.0-public/cBioPortal_files/data_clinical_sample.txt,PATIENT_ID,data/raw/AACR GENIE Biopharma Collaborative Public/Data Releases/PANC/1.0-public/cBioPortal_files/data_timeline_sequencing.txt,PATIENT_ID,shared_identifier_candidate,1109 overlapping distinct non-missing values,Shared identifiers require dictionary confirmation before joins.
data/raw/AACR GENIE Biopharma Collaborative Public/Data Releases/PANC/1.0-public/cBioPortal_files/data_clinical_sample.txt,PATIENT_ID,data/raw/AACR GENIE Biopharma Collaborative Public/Data Releases/PANC/1.0-public/cBioPortal_files/data_timeline_treatment.txt,PATIENT_ID,shared_identifier_candidate,1034 overlapping distinct non-missing values,Shared identifiers require dictionary confirmation before joins.
data/raw/AACR GENIE Biopharma Collaborative Public/Data Releases/PANC/1.0-public/cBioPortal_files/data_clinical_supp_survival.txt,PATIENT_ID,data/raw/AACR GENIE Biopharma Collaborative Public/Data Releases/PANC/1.0-public/cBioPortal_files/data_clinical_patient.txt,PATIENT_ID,shared_identifier_candidate,1109 overlapping distinct non-missing values,Shared identifiers require dictionary confirmation before joins.
data/raw/AACR GENIE Biopharma Collaborative Public/Data Releases/PANC/1.0-public/cBioPortal_files/data_clinical_supp_survival.txt,PATIENT_ID,data/raw/AACR GENIE Biopharma Collaborative Public/Data Releases/PANC/1.0-public/cBioPortal_files/data_clinical_sample.txt,PATIENT_ID,shared_identifier_candidate,1109 overlapping distinct non-missing values,Shared identifiers require dictionary confirmation before joins.
data/raw/AACR GENIE Biopharma Collaborative Public/Data Releases/PANC/1.0-public/cBioPortal_files/data_clinical_supp_survival.txt,PATIENT_ID,data/raw/AACR GENIE Biopharma Collaborative Public/Data Releases/PANC/1.0-public/cBioPortal_files/data_clinical_supp_survival_treatment.txt,PATIENT_ID,shared_identifier_candidate,1002 overlapping distinct non-missing values,Shared identifiers require dictionary confirmation before joins.
data/raw/AACR GENIE Biopharma Collaborative Public/Data Releases/PANC/1.0-public/cBioPortal_files/data_clinical_supp_survival.txt,PATIENT_ID,data/raw/AACR GENIE Biopharma Collaborative Public/Data Releases/PANC/1.0-public/cBioPortal_files/data_timeline_cancer_diagnosis.txt,PATIENT_ID,shared_identifier_candidate,1109 overlapping distinct non-missing values,Shared identifiers require dictionary confirmation before joins.
data/raw/AACR GENIE Biopharma Collaborative Public/Data Releases/PANC/1.0-public/cBioPortal_files/data_clinical_supp_survival.txt,PATIENT_ID,data/raw/AACR GENIE Biopharma Collaborative Public/Data Releases/PANC/1.0-public/cBioPortal_files/data_timeline_imaging.txt,PATIENT_ID,shared_identifier_candidate,1094 overlapping distinct non-missing values,Shared identifiers require dictionary confirmation before joins.
data/raw/AACR GENIE Biopharma Collaborative Public/Data Releases/PANC/1.0-public/cBioPortal_files/data_clinical_supp_survival.txt,PATIENT_ID,data/raw/AACR GENIE Biopharma Collaborative Public/Data Releases/PANC/1.0-public/cBioPortal_files/data_timeline_labtest.txt,PATIENT_ID,shared_identifier_candidate,937 overlapping distinct non-missing values,Shared identifiers require dictionary confirmation before joins.
data/raw/AACR GENIE Biopharma Collaborative Public/Data Releases/PANC/1.0-public/cBioPortal_files/data_clinical_supp_survival.txt,PATIENT_ID,data/raw/AACR GENIE Biopharma Collaborative Public/Data Releases/PANC/1.0-public/cBioPortal_files/data_timeline_medonc.txt,PATIENT_ID,shared_identifier_candidate,1100 overlapping distinct non-missing values,Shared identifiers require dictionary confirmation before joins.
data/raw/AACR GENIE Biopharma Collaborative Public/Data Releases/PANC/1.0-public/cBioPortal_files/data_clinical_supp_survival.txt,PATIENT_ID,data/raw/AACR GENIE Biopharma Collaborative Public/Data Releases/PANC/1.0-public/cBioPortal_files/data_timeline_pathology.txt,PATIENT_ID,shared_identifier_candidate,1109 overlapping distinct non-missing values,Shared identifiers require dictionary confirmation before joins.
data/raw/AACR GENIE Biopharma Collaborative Public/Data Releases/PANC/1.0-public/cBioPortal_files/data_clinical_supp_survival.txt,PATIENT_ID,data/raw/AACR GENIE Biopharma Collaborative Public/Data Releases/PANC/1.0-public/cBioPortal_files/data_timeline_sample_acquisition.txt,PATIENT_ID,shared_identifier_candidate,1109 overlapping distinct non-missing values,Shared identifiers require dictionary confirmation before joins.
data/raw/AACR GENIE Biopharma Collaborative Public/Data Releases/PANC/1.0-public/cBioPortal_files/data_clinical_supp_survival.txt,PATIENT_ID,data/raw/AACR GENIE Biopharma Collaborative Public/Data Releases/PANC/1.0-public/cBioPortal_files/data_timeline_sequencing.txt,PATIENT_ID,shared_identifier_candidate,1109 overlapping distinct non-missing values,Shared identifiers require dictionary confirmation before joins.
data/raw/AACR GENIE Biopharma Collaborative Public/Data Releases/PANC/1.0-public/cBioPortal_files/data_clinical_supp_survival.txt,PATIENT_ID,data/raw/AACR GENIE Biopharma Collaborative Public/Data Releases/PANC/1.0-public/cBioPortal_files/data_timeline_treatment.txt,PATIENT_ID,shared_identifier_candidate,1034 overlapping distinct non-missing values,Shared identifiers require dictionary confirmation before joins.
data/raw/AACR GENIE Biopharma Collaborative Public/Data Releases/PANC/1.0-public/cBioPortal_files/data_clinical_supp_survival_treatment.txt,PATIENT_ID,data/raw/AACR GENIE Biopharma Collaborative Public/Data Releases/PANC/1.0-public/cBioPortal_files/data_clinical_patient.txt,PATIENT_ID,shared_identifier_candidate,1002 overlapping distinct non-missing values,Shared identifiers require dictionary confirmation before joins.
data/raw/AACR GENIE Biopharma Collaborative Public/Data Releases/PANC/1.0-public/cBioPortal_files/data_clinical_supp_survival_treatment.txt,PATIENT_ID,data/raw/AACR GENIE Biopharma Collaborative Public/Data Releases/PANC/1.0-public/cBioPortal_files/data_clinical_sample.txt,PATIENT_ID,shared_identifier_candidate,1002 overlapping distinct non-missing values,Shared identifiers require dictionary confirmation before joins.
data/raw/AACR GENIE Biopharma Collaborative Public/Data Releases/PANC/1.0-public/cBioPortal_files/data_clinical_supp_survival_treatment.txt,PATIENT_ID,data/raw/AACR GENIE Biopharma Collaborative Public/Data Releases/PANC/1.0-public/cBioPortal_files/data_clinical_supp_survival.txt,PATIENT_ID,shared_identifier_candidate,1002 overlapping distinct non-missing values,Shared identifiers require dictionary confirmation before joins.
data/raw/AACR GENIE Biopharma Collaborative Public/Data Releases/PANC/1.0-public/cBioPortal_files/data_clinical_supp_survival_treatment.txt,PATIENT_ID,data/raw/AACR GENIE Biopharma Collaborative Public/Data Releases/PANC/1.0-public/cBioPortal_files/data_timeline_cancer_diagnosis.txt,PATIENT_ID,shared_identifier_candidate,1002 overlapping distinct non-missing values,Shared identifiers require dictionary confirmation before joins.
data/raw/AACR GENIE Biopharma Collaborative Public/Data Releases/PANC/1.0-public/cBioPortal_files/data_clinical_supp_survival_treatment.txt,PATIENT_ID,data/raw/AACR GENIE Biopharma Collaborative Public/Data Releases/PANC/1.0-public/cBioPortal_files/data_timeline_imaging.txt,PATIENT_ID,shared_identifier_candidate,994 overlapping distinct non-missing values,Shared identifiers require dictionary confirmation before joins.
data/raw/AACR GENIE Biopharma Collaborative Public/Data Releases/PANC/1.0-public/cBioPortal_files/data_clinical_supp_survival_treatment.txt,PATIENT_ID,data/raw/AACR GENIE Biopharma Collaborative Public/Data Releases/PANC/1.0-public/cBioPortal_files/data_timeline_labtest.txt,PATIENT_ID,shared_identifier_candidate,874 overlapping distinct non-missing values,Shared identifiers require dictionary confirmation before joins.
data/raw/AACR GENIE Biopharma Collaborative Public/Data Releases/PANC/1.0-public/cBioPortal_files/data_clinical_supp_survival_treatment.txt,PATIENT_ID,data/raw/AACR GENIE Biopharma Collaborative Public/Data Releases/PANC/1.0-public/cBioPortal_files/data_timeline_medonc.txt,PATIENT_ID,shared_identifier_candidate,1002 overlapping distinct non-missing values,Shared identifiers require dictionary confirmation before joins.
data/raw/AACR GENIE Biopharma Collaborative Public/Data Releases/PANC/1.0-public/cBioPortal_files/data_clinical_supp_survival_treatment.txt,PATIENT_ID,data/raw/AACR GENIE Biopharma Collaborative Public/Data Releases/PANC/1.0-public/cBioPortal_files/data_timeline_pathology.txt,PATIENT_ID,shared_identifier_candidate,1002 overlapping distinct non-missing values,Shared identifiers require dictionary confirmation before joins.
data/raw/AACR GENIE Biopharma Collaborative Public/Data Releases/PANC/1.0-public/cBioPortal_files/data_clinical_supp_survival_treatment.txt,PATIENT_ID,data/raw/AACR GENIE Biopharma Collaborative Public/Data Releases/PANC/1.0-public/cBioPortal_files/data_timeline_sample_acquisition.txt,PATIENT_ID,shared_identifier_candidate,1002 overlapping distinct non-missing values,Shared identifiers require dictionary confirmation before joins.
data/raw/AACR GENIE Biopharma Collaborative Public/Data Releases/PANC/1.0-public/cBioPortal_files/data_clinical_supp_survival_treatment.txt,PATIENT_ID,data/raw/AACR GENIE Biopharma Collaborative Public/Data Releases/PANC/1.0-public/cBioPortal_files/data_timeline_sequencing.txt,PATIENT_ID,shared_identifier_candidate,1002 overlapping distinct non-missing values,Shared identifiers require dictionary confirmation before joins.
data/raw/AACR GENIE Biopharma Collaborative Public/Data Releases/PANC/1.0-public/cBioPortal_files/data_clinical_supp_survival_treatment.txt,PATIENT_ID,data/raw/AACR GENIE Biopharma Collaborative Public/Data Releases/PANC/1.0-public/cBioPortal_files/data_timeline_treatment.txt,PATIENT_ID,shared_identifier_candidate,1002 overlapping distinct non-missing values,Shared identifiers require dictionary confirmation before joins.
data/raw/AACR GENIE Biopharma Collaborative Public/Data Releases/PANC/1.0-public/cBioPortal_files/data_gene_matrix.txt,SAMPLE_ID,data/raw/AACR GENIE Biopharma Collaborative Public/Data Releases/PANC/1.0-public/cBioPortal_files/data_clinical_sample.txt,SAMPLE_ID,shared_identifier_candidate,1130 overlapping distinct non-missing values,Shared identifiers require dictionary confirmation before joins.
data/raw/AACR GENIE Biopharma Collaborative Public/Data Releases/PANC/1.0-public/cBioPortal_files/data_gene_matrix.txt,SAMPLE_ID,data/raw/AACR GENIE Biopharma Collaborative Public/Data Releases/PANC/1.0-public/cBioPortal_files/data_mutations_extended.txt,Tumor_Sample_Barcode,shared_identifier_candidate,1087 overlapping distinct non-missing values,Shared identifiers require dictionary confirmation before joins.
data/raw/AACR GENIE Biopharma Collaborative Public/Data Releases/PANC/1.0-public/cBioPortal_files/data_gene_matrix.txt,SAMPLE_ID,data/raw/AACR GENIE Biopharma Collaborative Public/Data Releases/PANC/1.0-public/cBioPortal_files/data_sv.txt,Sample_Id,shared_identifier_candidate,194 overlapping distinct non-missing values,Shared identifiers require dictionary confirmation before joins.
data/raw/AACR GENIE Biopharma Collaborative Public/Data Releases/PANC/1.0-public/cBioPortal_files/data_gene_matrix.txt,SAMPLE_ID,data/raw/AACR GENIE Biopharma Collaborative Public/Data Releases/PANC/1.0-public/cBioPortal_files/data_timeline_sample_acquisition.txt,SAMPLE_ID,shared_identifier_candidate,1130 overlapping distinct non-missing values,Shared identifiers require dictionary confirmation before joins.
data/raw/AACR GENIE Biopharma Collaborative Public/Data Releases/PANC/1.0-public/cBioPortal_files/data_gene_matrix.txt,SAMPLE_ID,data/raw/AACR GENIE Biopharma Collaborative Public/Data Releases/PANC/1.0-public/cBioPortal_files/data_timeline_sequencing.txt,SAMPLE_ID,shared_identifier_candidate,1130 overlapping distinct non-missing values,Shared identifiers require dictionary confirmation before joins.
data/raw/AACR GENIE Biopharma Collaborative Public/Data Releases/PANC/1.0-public/cBioPortal_files/data_gene_matrix.txt,SAMPLE_ID,data/raw/AACR GENIE Biopharma Collaborative Public/Data Releases/PANC/1.0-public/clinical_data/cancer_panel_test_level_dataset.csv,cpt_genie_sample_id,shared_identifier_candidate,1130 overlapping distinct non-missing values,Shared identifiers require dictionary confirmation before joins.
data/raw/AACR GENIE Biopharma Collaborative Public/Data Releases/PANC/1.0-public/cBioPortal_files/data_mutations_extended.txt,Tumor_Sample_Barcode,data/raw/AACR GENIE Biopharma Collaborative Public/Data Releases/PANC/1.0-public/cBioPortal_files/data_clinical_sample.txt,SAMPLE_ID,shared_identifier_candidate,1087 overlapping distinct non-missing values,Shared identifiers require dictionary confirmation before joins.
data/raw/AACR GENIE Biopharma Collaborative Public/Data Releases/PANC/1.0-public/cBioPortal_files/data_mutations_extended.txt,Tumor_Sample_Barcode,data/raw/AACR GENIE Biopharma Collaborative Public/Data Releases/PANC/1.0-public/cBioPortal_files/data_gene_matrix.txt,SAMPLE_ID,shared_identifier_candidate,1087 overlapping distinct non-missing values,Shared identifiers require dictionary confirmation before joins.
data/raw/AACR GENIE Biopharma Collaborative Public/Data Releases/PANC/1.0-public/cBioPortal_files/data_mutations_extended.txt,Tumor_Sample_Barcode,data/raw/AACR GENIE Biopharma Collaborative Public/Data Releases/PANC/1.0-public/cBioPortal_files/data_sv.txt,Sample_Id,shared_identifier_candidate,194 overlapping distinct non-missing values,Shared identifiers require dictionary confirmation before joins.
data/raw/AACR GENIE Biopharma Collaborative Public/Data Releases/PANC/1.0-public/cBioPortal_files/data_mutations_extended.txt,Tumor_Sample_Barcode,data/raw/AACR GENIE Biopharma Collaborative Public/Data Releases/PANC/1.0-public/cBioPortal_files/data_timeline_sample_acquisition.txt,SAMPLE_ID,shared_identifier_candidate,1087 overlapping distinct non-missing values,Shared identifiers require dictionary confirmation before joins.
data/raw/AACR GENIE Biopharma Collaborative Public/Data Releases/PANC/1.0-public/cBioPortal_files/data_mutations_extended.txt,Tumor_Sample_Barcode,data/raw/AACR GENIE Biopharma Collaborative Public/Data Releases/PANC/1.0-public/cBioPortal_files/data_timeline_sequencing.txt,SAMPLE_ID,shared_identifier_candidate,1087 overlapping distinct non-missing values,Shared identifiers require dictionary confirmation before joins.
data/raw/AACR GENIE Biopharma Collaborative Public/Data Releases/PANC/1.0-public/cBioPortal_files/data_mutations_extended.txt,Tumor_Sample_Barcode,data/raw/AACR GENIE Biopharma Collaborative Public/Data Releases/PANC/1.0-public/clinical_data/cancer_panel_test_level_dataset.csv,cpt_genie_sample_id,shared_identifier_candidate,1087 overlapping distinct non-missing values,Shared identifiers require dictionary confirmation before joins.
data/raw/AACR GENIE Biopharma Collaborative Public/Data Releases/PANC/1.0-public/cBioPortal_files/data_sv.txt,Sample_Id,data/raw/AACR GENIE Biopharma Collaborative Public/Data Releases/PANC/1.0-public/cBioPortal_files/data_clinical_sample.txt,SAMPLE_ID,shared_identifier_candidate,194 overlapping distinct non-missing values,Shared identifiers require dictionary confirmation before joins.
data/raw/AACR GENIE Biopharma Collaborative Public/Data Releases/PANC/1.0-public/cBioPortal_files/data_sv.txt,Sample_Id,data/raw/AACR GENIE Biopharma Collaborative Public/Data Releases/PANC/1.0-public/cBioPortal_files/data_gene_matrix.txt,SAMPLE_ID,shared_identifier_candidate,194 overlapping distinct non-missing values,Shared identifiers require dictionary confirmation before joins.
data/raw/AACR GENIE Biopharma Collaborative Public/Data Releases/PANC/1.0-public/cBioPortal_files/data_sv.txt,Sample_Id,data/raw/AACR GENIE Biopharma Collaborative Public/Data Releases/PANC/1.0-public/cBioPortal_files/data_mutations_extended.txt,Tumor_Sample_Barcode,shared_identifier_candidate,194 overlapping distinct non-missing values,Shared identifiers require dictionary confirmation before joins.
data/raw/AACR GENIE Biopharma Collaborative Public/Data Releases/PANC/1.0-public/cBioPortal_files/data_sv.txt,Sample_Id,data/raw/AACR GENIE Biopharma Collaborative Public/Data Releases/PANC/1.0-public/cBioPortal_files/data_timeline_sample_acquisition.txt,SAMPLE_ID,shared_identifier_candidate,194 overlapping distinct non-missing values,Shared identifiers require dictionary confirmation before joins.
data/raw/AACR GENIE Biopharma Collaborative Public/Data Releases/PANC/1.0-public/cBioPortal_files/data_sv.txt,Sample_Id,data/raw/AACR GENIE Biopharma Collaborative Public/Data Releases/PANC/1.0-public/cBioPortal_files/data_timeline_sequencing.txt,SAMPLE_ID,shared_identifier_candidate,194 overlapping distinct non-missing values,Shared identifiers require dictionary confirmation before joins.
data/raw/AACR GENIE Biopharma Collaborative Public/Data Releases/PANC/1.0-public/cBioPortal_files/data_sv.txt,Sample_Id,data/raw/AACR GENIE Biopharma Collaborative Public/Data Releases/PANC/1.0-public/clinical_data/cancer_panel_test_level_dataset.csv,cpt_genie_sample_id,shared_identifier_candidate,194 overlapping distinct non-missing values,Shared identifiers require dictionary confirmation before joins.
data/raw/AACR GENIE Biopharma Collaborative Public/Data Releases/PANC/1.0-public/cBioPortal_files/data_timeline_cancer_diagnosis.txt,PATIENT_ID,data/raw/AACR GENIE Biopharma Collaborative Public/Data Releases/PANC/1.0-public/cBioPortal_files/data_clinical_patient.txt,PATIENT_ID,shared_identifier_candidate,1109 overlapping distinct non-missing values,Shared identifiers require dictionary confirmation before joins.
data/raw/AACR GENIE Biopharma Collaborative Public/Data Releases/PANC/1.0-public/cBioPortal_files/data_timeline_cancer_diagnosis.txt,PATIENT_ID,data/raw/AACR GENIE Biopharma Collaborative Public/Data Releases/PANC/1.0-public/cBioPortal_files/data_clinical_sample.txt,PATIENT_ID,shared_identifier_candidate,1109 overlapping distinct non-missing values,Shared identifiers require dictionary confirmation before joins.
data/raw/AACR GENIE Biopharma Collaborative Public/Data Releases/PANC/1.0-public/cBioPortal_files/data_timeline_cancer_diagnosis.txt,PATIENT_ID,data/raw/AACR GENIE Biopharma Collaborative Public/Data Releases/PANC/1.0-public/cBioPortal_files/data_clinical_supp_survival.txt,PATIENT_ID,shared_identifier_candidate,1109 overlapping distinct non-missing values,Shared identifiers require dictionary confirmation before joins.
data/raw/AACR GENIE Biopharma Collaborative Public/Data Releases/PANC/1.0-public/cBioPortal_files/data_timeline_cancer_diagnosis.txt,PATIENT_ID,data/raw/AACR GENIE Biopharma Collaborative Public/Data Releases/PANC/1.0-public/cBioPortal_files/data_clinical_supp_survival_treatment.txt,PATIENT_ID,shared_identifier_candidate,1002 overlapping distinct non-missing values,Shared identifiers require dictionary confirmation before joins.
data/raw/AACR GENIE Biopharma Collaborative Public/Data Releases/PANC/1.0-public/cBioPortal_files/data_timeline_cancer_diagnosis.txt,PATIENT_ID,data/raw/AACR GENIE Biopharma Collaborative Public/Data Releases/PANC/1.0-public/cBioPortal_files/data_timeline_imaging.txt,PATIENT_ID,shared_identifier_candidate,1094 overlapping distinct non-missing values,Shared identifiers require dictionary confirmation before joins.
data/raw/AACR GENIE Biopharma Collaborative Public/Data Releases/PANC/1.0-public/cBioPortal_files/data_timeline_cancer_diagnosis.txt,PATIENT_ID,data/raw/AACR GENIE Biopharma Collaborative Public/Data Releases/PANC/1.0-public/cBioPortal_files/data_timeline_labtest.txt,PATIENT_ID,shared_identifier_candidate,937 overlapping distinct non-missing values,Shared identifiers require dictionary confirmation before joins.
data/raw/AACR GENIE Biopharma Collaborative Public/Data Releases/PANC/1.0-public/cBioPortal_files/data_timeline_cancer_diagnosis.txt,PATIENT_ID,data/raw/AACR GENIE Biopharma Collaborative Public/Data Releases/PANC/1.0-public/cBioPortal_files/data_timeline_medonc.txt,PATIENT_ID,shared_identifier_candidate,1100 overlapping distinct non-missing values,Shared identifiers require dictionary confirmation before joins.
data/raw/AACR GENIE Biopharma Collaborative Public/Data Releases/PANC/1.0-public/cBioPortal_files/data_timeline_cancer_diagnosis.txt,PATIENT_ID,data/raw/AACR GENIE Biopharma Collaborative Public/Data Releases/PANC/1.0-public/cBioPortal_files/data_timeline_pathology.txt,PATIENT_ID,shared_identifier_candidate,1109 overlapping distinct non-missing values,Shared identifiers require dictionary confirmation before joins.
data/raw/AACR GENIE Biopharma Collaborative Public/Data Releases/PANC/1.0-public/cBioPortal_files/data_timeline_cancer_diagnosis.txt,PATIENT_ID,data/raw/AACR GENIE Biopharma Collaborative Public/Data Releases/PANC/1.0-public/cBioPortal_files/data_timeline_sample_acquisition.txt,PATIENT_ID,shared_identifier_candidate,1109 overlapping distinct non-missing values,Shared identifiers require dictionary confirmation before joins.
data/raw/AACR GENIE Biopharma Collaborative Public/Data Releases/PANC/1.0-public/cBioPortal_files/data_timeline_cancer_diagnosis.txt,PATIENT_ID,data/raw/AACR GENIE Biopharma Collaborative Public/Data Releases/PANC/1.0-public/cBioPortal_files/data_timeline_sequencing.txt,PATIENT_ID,shared_identifier_candidate,1109 overlapping distinct non-missing values,Shared identifiers require dictionary confirmation before joins.
data/raw/AACR GENIE Biopharma Collaborative Public/Data Releases/PANC/1.0-public/cBioPortal_files/data_timeline_cancer_diagnosis.txt,PATIENT_ID,data/raw/AACR GENIE Biopharma Collaborative Public/Data Releases/PANC/1.0-public/cBioPortal_files/data_timeline_treatment.txt,PATIENT_ID,shared_identifier_candidate,1034 overlapping distinct non-missing values,Shared identifiers require dictionary confirmation before joins.
data/raw/AACR GENIE Biopharma Collaborative Public/Data Releases/PANC/1.0-public/cBioPortal_files/data_timeline_imaging.txt,PATIENT_ID,data/raw/AACR GENIE Biopharma Collaborative Public/Data Releases/PANC/1.0-public/cBioPortal_files/data_clinical_patient.txt,PATIENT_ID,shared_identifier_candidate,1094 overlapping distinct non-missing values,Shared identifiers require dictionary confirmation before joins.
data/raw/AACR GENIE Biopharma Collaborative Public/Data Releases/PANC/1.0-public/cBioPortal_files/data_timeline_imaging.txt,PATIENT_ID,data/raw/AACR GENIE Biopharma Collaborative Public/Data Releases/PANC/1.0-public/cBioPortal_files/data_clinical_sample.txt,PATIENT_ID,shared_identifier_candidate,1094 overlapping distinct non-missing values,Shared identifiers require dictionary confirmation before joins.
data/raw/AACR GENIE Biopharma Collaborative Public/Data Releases/PANC/1.0-public/cBioPortal_files/data_timeline_imaging.txt,PATIENT_ID,data/raw/AACR GENIE Biopharma Collaborative Public/Data Releases/PANC/1.0-public/cBioPortal_files/data_clinical_supp_survival.txt,PATIENT_ID,shared_identifier_candidate,1094 overlapping distinct non-missing values,Shared identifiers require dictionary confirmation before joins.
data/raw/AACR GENIE Biopharma Collaborative Public/Data Releases/PANC/1.0-public/cBioPortal_files/data_timeline_imaging.txt,PATIENT_ID,data/raw/AACR GENIE Biopharma Collaborative Public/Data Releases/PANC/1.0-public/cBioPortal_files/data_clinical_supp_survival_treatment.txt,PATIENT_ID,shared_identifier_candidate,994 overlapping distinct non-missing values,Shared identifiers require dictionary confirmation before joins.
data/raw/AACR GENIE Biopharma Collaborative Public/Data Releases/PANC/1.0-public/cBioPortal_files/data_timeline_imaging.txt,PATIENT_ID,data/raw/AACR GENIE Biopharma Collaborative Public/Data Releases/PANC/1.0-public/cBioPortal_files/data_timeline_cancer_diagnosis.txt,PATIENT_ID,shared_identifier_candidate,1094 overlapping distinct non-missing values,Shared identifiers require dictionary confirmation before joins.
data/raw/AACR GENIE Biopharma Collaborative Public/Data Releases/PANC/1.0-public/cBioPortal_files/data_timeline_imaging.txt,PATIENT_ID,data/raw/AACR GENIE Biopharma Collaborative Public/Data Releases/PANC/1.0-public/cBioPortal_files/data_timeline_labtest.txt,PATIENT_ID,shared_identifier_candidate,931 overlapping distinct non-missing values,Shared identifiers require dictionary confirmation before joins.
data/raw/AACR GENIE Biopharma Collaborative Public/Data Releases/PANC/1.0-public/cBioPortal_files/data_timeline_imaging.txt,PATIENT_ID,data/raw/AACR GENIE Biopharma Collaborative Public/Data Releases/PANC/1.0-public/cBioPortal_files/data_timeline_medonc.txt,PATIENT_ID,shared_identifier_candidate,1085 overlapping distinct non-missing values,Shared identifiers require dictionary confirmation before joins.
data/raw/AACR GENIE Biopharma Collaborative Public/Data Releases/PANC/1.0-public/cBioPortal_files/data_timeline_imaging.txt,PATIENT_ID,data/raw/AACR GENIE Biopharma Collaborative Public/Data Releases/PANC/1.0-public/cBioPortal_files/data_timeline_pathology.txt,PATIENT_ID,shared_identifier_candidate,1094 overlapping distinct non-missing values,Shared identifiers require dictionary confirmation before joins.
data/raw/AACR GENIE Biopharma Collaborative Public/Data Releases/PANC/1.0-public/cBioPortal_files/data_timeline_imaging.txt,PATIENT_ID,data/raw/AACR GENIE Biopharma Collaborative Public/Data Releases/PANC/1.0-public/cBioPortal_files/data_timeline_sample_acquisition.txt,PATIENT_ID,shared_identifier_candidate,1094 overlapping distinct non-missing values,Shared identifiers require dictionary confirmation before joins.
data/raw/AACR GENIE Biopharma Collaborative Public/Data Releases/PANC/1.0-public/cBioPortal_files/data_timeline_imaging.txt,PATIENT_ID,data/raw/AACR GENIE Biopharma Collaborative Public/Data Releases/PANC/1.0-public/cBioPortal_files/data_timeline_sequencing.txt,PATIENT_ID,shared_identifier_candidate,1094 overlapping distinct non-missing values,Shared identifiers require dictionary confirmation before joins.
data/raw/AACR GENIE Biopharma Collaborative Public/Data Releases/PANC/1.0-public/cBioPortal_files/data_timeline_imaging.txt,PATIENT_ID,data/raw/AACR GENIE Biopharma Collaborative Public/Data Releases/PANC/1.0-public/cBioPortal_files/data_timeline_treatment.txt,PATIENT_ID,shared_identifier_candidate,1026 overlapping distinct non-missing values,Shared identifiers require dictionary confirmation before joins.
data/raw/AACR GENIE Biopharma Collaborative Public/Data Releases/PANC/1.0-public/cBioPortal_files/data_timeline_labtest.txt,PATIENT_ID,data/raw/AACR GENIE Biopharma Collaborative Public/Data Releases/PANC/1.0-public/cBioPortal_files/data_clinical_patient.txt,PATIENT_ID,shared_identifier_candidate,937 overlapping distinct non-missing values,Shared identifiers require dictionary confirmation before joins.
data/raw/AACR GENIE Biopharma Collaborative Public/Data Releases/PANC/1.0-public/cBioPortal_files/data_timeline_labtest.txt,PATIENT_ID,data/raw/AACR GENIE Biopharma Collaborative Public/Data Releases/PANC/1.0-public/cBioPortal_files/data_clinical_sample.txt,PATIENT_ID,shared_identifier_candidate,937 overlapping distinct non-missing values,Shared identifiers require dictionary confirmation before joins.
data/raw/AACR GENIE Biopharma Collaborative Public/Data Releases/PANC/1.0-public/cBioPortal_files/data_timeline_labtest.txt,PATIENT_ID,data/raw/AACR GENIE Biopharma Collaborative Public/Data Releases/PANC/1.0-public/cBioPortal_files/data_clinical_supp_survival.txt,PATIENT_ID,shared_identifier_candidate,937 overlapping distinct non-missing values,Shared identifiers require dictionary confirmation before joins.
data/raw/AACR GENIE Biopharma Collaborative Public/Data Releases/PANC/1.0-public/cBioPortal_files/data_timeline_labtest.txt,PATIENT_ID,data/raw/AACR GENIE Biopharma Collaborative Public/Data Releases/PANC/1.0-public/cBioPortal_files/data_clinical_supp_survival_treatment.txt,PATIENT_ID,shared_identifier_candidate,874 overlapping distinct non-missing values,Shared identifiers require dictionary confirmation before joins.
data/raw/AACR GENIE Biopharma Collaborative Public/Data Releases/PANC/1.0-public/cBioPortal_files/data_timeline_labtest.txt,PATIENT_ID,data/raw/AACR GENIE Biopharma Collaborative Public/Data Releases/PANC/1.0-public/cBioPortal_files/data_timeline_cancer_diagnosis.txt,PATIENT_ID,shared_identifier_candidate,937 overlapping distinct non-missing values,Shared identifiers require dictionary confirmation before joins.
data/raw/AACR GENIE Biopharma Collaborative Public/Data Releases/PANC/1.0-public/cBioPortal_files/data_timeline_labtest.txt,PATIENT_ID,data/raw/AACR GENIE Biopharma Collaborative Public/Data Releases/PANC/1.0-public/cBioPortal_files/data_timeline_imaging.txt,PATIENT_ID,shared_identifier_candidate,931 overlapping distinct non-missing values,Shared identifiers require dictionary confirmation before joins.
data/raw/AACR GENIE Biopharma Collaborative Public/Data Releases/PANC/1.0-public/cBioPortal_files/data_timeline_labtest.txt,PATIENT_ID,data/raw/AACR GENIE Biopharma Collaborative Public/Data Releases/PANC/1.0-public/cBioPortal_files/data_timeline_medonc.txt,PATIENT_ID,shared_identifier_candidate,931 overlapping distinct non-missing values,Shared identifiers require dictionary confirmation before joins.
data/raw/AACR GENIE Biopharma Collaborative Public/Data Releases/PANC/1.0-public/cBioPortal_files/data_timeline_labtest.txt,PATIENT_ID,data/raw/AACR GENIE Biopharma Collaborative Public/Data Releases/PANC/1.0-public/cBioPortal_files/data_timeline_pathology.txt,PATIENT_ID,shared_identifier_candidate,937 overlapping distinct non-missing values,Shared identifiers require dictionary confirmation before joins.
data/raw/AACR GENIE Biopharma Collaborative Public/Data Releases/PANC/1.0-public/cBioPortal_files/data_timeline_labtest.txt,PATIENT_ID,data/raw/AACR GENIE Biopharma Collaborative Public/Data Releases/PANC/1.0-public/cBioPortal_files/data_timeline_sample_acquisition.txt,PATIENT_ID,shared_identifier_candidate,937 overlapping distinct non-missing values,Shared identifiers require dictionary confirmation before joins.
data/raw/AACR GENIE Biopharma Collaborative Public/Data Releases/PANC/1.0-public/cBioPortal_files/data_timeline_labtest.txt,PATIENT_ID,data/raw/AACR GENIE Biopharma Collaborative Public/Data Releases/PANC/1.0-public/cBioPortal_files/data_timeline_sequencing.txt,PATIENT_ID,shared_identifier_candidate,937 overlapping distinct non-missing values,Shared identifiers require dictionary confirmation before joins.
data/raw/AACR GENIE Biopharma Collaborative Public/Data Releases/PANC/1.0-public/cBioPortal_files/data_timeline_labtest.txt,PATIENT_ID,data/raw/AACR GENIE Biopharma Collaborative Public/Data Releases/PANC/1.0-public/cBioPortal_files/data_timeline_treatment.txt,PATIENT_ID,shared_identifier_candidate,900 overlapping distinct non-missing values,Shared identifiers require dictionary confirmation before joins.
data/raw/AACR GENIE Biopharma Collaborative Public/Data Releases/PANC/1.0-public/cBioPortal_files/data_timeline_medonc.txt,PATIENT_ID,data/raw/AACR GENIE Biopharma Collaborative Public/Data Releases/PANC/1.0-public/cBioPortal_files/data_clinical_patient.txt,PATIENT_ID,shared_identifier_candidate,1100 overlapping distinct non-missing values,Shared identifiers require dictionary confirmation before joins.
data/raw/AACR GENIE Biopharma Collaborative Public/Data Releases/PANC/1.0-public/cBioPortal_files/data_timeline_medonc.txt,PATIENT_ID,data/raw/AACR GENIE Biopharma Collaborative Public/Data Releases/PANC/1.0-public/cBioPortal_files/data_clinical_sample.txt,PATIENT_ID,shared_identifier_candidate,1100 overlapping distinct non-missing values,Shared identifiers require dictionary confirmation before joins.
data/raw/AACR GENIE Biopharma Collaborative Public/Data Releases/PANC/1.0-public/cBioPortal_files/data_timeline_medonc.txt,PATIENT_ID,data/raw/AACR GENIE Biopharma Collaborative Public/Data Releases/PANC/1.0-public/cBioPortal_files/data_clinical_supp_survival.txt,PATIENT_ID,shared_identifier_candidate,1100 overlapping distinct non-missing values,Shared identifiers require dictionary confirmation before joins.
data/raw/AACR GENIE Biopharma Collaborative Public/Data Releases/PANC/1.0-public/cBioPortal_files/data_timeline_medonc.txt,PATIENT_ID,data/raw/AACR GENIE Biopharma Collaborative Public/Data Releases/PANC/1.0-public/cBioPortal_files/data_clinical_supp_survival_treatment.txt,PATIENT_ID,shared_identifier_candidate,1002 overlapping distinct non-missing values,Shared identifiers require dictionary confirmation before joins.
data/raw/AACR GENIE Biopharma Collaborative Public/Data Releases/PANC/1.0-public/cBioPortal_files/data_timeline_medonc.txt,PATIENT_ID,data/raw/AACR GENIE Biopharma Collaborative Public/Data Releases/PANC/1.0-public/cBioPortal_files/data_timeline_cancer_diagnosis.txt,PATIENT_ID,shared_identifier_candidate,1100 overlapping distinct non-missing values,Shared identifiers require dictionary confirmation before joins.
data/raw/AACR GENIE Biopharma Collaborative Public/Data Releases/PANC/1.0-public/cBioPortal_files/data_timeline_medonc.txt,PATIENT_ID,data/raw/AACR GENIE Biopharma Collaborative Public/Data Releases/PANC/1.0-public/cBioPortal_files/data_timeline_imaging.txt,PATIENT_ID,shared_identifier_candidate,1085 overlapping distinct non-missing values,Shared identifiers require dictionary confirmation before joins.
data/raw/AACR GENIE Biopharma Collaborative Public/Data Releases/PANC/1.0-public/cBioPortal_files/data_timeline_medonc.txt,PATIENT_ID,data/raw/AACR GENIE Biopharma Collaborative Public/Data Releases/PANC/1.0-public/cBioPortal_files/data_timeline_labtest.txt,PATIENT_ID,shared_identifier_candidate,931 overlapping distinct non-missing values,Shared identifiers require dictionary confirmation before joins.
data/raw/AACR GENIE Biopharma Collaborative Public/Data Releases/PANC/1.0-public/cBioPortal_files/data_timeline_medonc.txt,PATIENT_ID,data/raw/AACR GENIE Biopharma Collaborative Public/Data Releases/PANC/1.0-public/cBioPortal_files/data_timeline_pathology.txt,PATIENT_ID,shared_identifier_candidate,1100 overlapping distinct non-missing values,Shared identifiers require dictionary confirmation before joins.
data/raw/AACR GENIE Biopharma Collaborative Public/Data Releases/PANC/1.0-public/cBioPortal_files/data_timeline_medonc.txt,PATIENT_ID,data/raw/AACR GENIE Biopharma Collaborative Public/Data Releases/PANC/1.0-public/cBioPortal_files/data_timeline_sample_acquisition.txt,PATIENT_ID,shared_identifier_candidate,1100 overlapping distinct non-missing values,Shared identifiers require dictionary confirmation before joins.
data/raw/AACR GENIE Biopharma Collaborative Public/Data Releases/PANC/1.0-public/cBioPortal_files/data_timeline_medonc.txt,PATIENT_ID,data/raw/AACR GENIE Biopharma Collaborative Public/Data Releases/PANC/1.0-public/cBioPortal_files/data_timeline_sequencing.txt,PATIENT_ID,shared_identifier_candidate,1100 overlapping distinct non-missing values,Shared identifiers require dictionary confirmation before joins.
data/raw/AACR GENIE Biopharma Collaborative Public/Data Releases/PANC/1.0-public/cBioPortal_files/data_timeline_medonc.txt,PATIENT_ID,data/raw/AACR GENIE Biopharma Collaborative Public/Data Releases/PANC/1.0-public/cBioPortal_files/data_timeline_treatment.txt,PATIENT_ID,shared_identifier_candidate,1032 overlapping distinct non-missing values,Shared identifiers require dictionary confirmation before joins.
data/raw/AACR GENIE Biopharma Collaborative Public/Data Releases/PANC/1.0-public/cBioPortal_files/data_timeline_pathology.txt,PATIENT_ID,data/raw/AACR GENIE Biopharma Collaborative Public/Data Releases/PANC/1.0-public/cBioPortal_files/data_clinical_patient.txt,PATIENT_ID,shared_identifier_candidate,1109 overlapping distinct non-missing values,Shared identifiers require dictionary confirmation before joins.
data/raw/AACR GENIE Biopharma Collaborative Public/Data Releases/PANC/1.0-public/cBioPortal_files/data_timeline_pathology.txt,PATIENT_ID,data/raw/AACR GENIE Biopharma Collaborative Public/Data Releases/PANC/1.0-public/cBioPortal_files/data_clinical_sample.txt,PATIENT_ID,shared_identifier_candidate,1109 overlapping distinct non-missing values,Shared identifiers require dictionary confirmation before joins.
data/raw/AACR GENIE Biopharma Collaborative Public/Data Releases/PANC/1.0-public/cBioPortal_files/data_timeline_pathology.txt,PATIENT_ID,data/raw/AACR GENIE Biopharma Collaborative Public/Data Releases/PANC/1.0-public/cBioPortal_files/data_clinical_supp_survival.txt,PATIENT_ID,shared_identifier_candidate,1109 overlapping distinct non-missing values,Shared identifiers require dictionary confirmation before joins.
data/raw/AACR GENIE Biopharma Collaborative Public/Data Releases/PANC/1.0-public/cBioPortal_files/data_timeline_pathology.txt,PATIENT_ID,data/raw/AACR GENIE Biopharma Collaborative Public/Data Releases/PANC/1.0-public/cBioPortal_files/data_clinical_supp_survival_treatment.txt,PATIENT_ID,shared_identifier_candidate,1002 overlapping distinct non-missing values,Shared identifiers require dictionary confirmation before joins.
data/raw/AACR GENIE Biopharma Collaborative Public/Data Releases/PANC/1.0-public/cBioPortal_files/data_timeline_pathology.txt,PATIENT_ID,data/raw/AACR GENIE Biopharma Collaborative Public/Data Releases/PANC/1.0-public/cBioPortal_files/data_timeline_cancer_diagnosis.txt,PATIENT_ID,shared_identifier_candidate,1109 overlapping distinct non-missing values,Shared identifiers require dictionary confirmation before joins.
data/raw/AACR GENIE Biopharma Collaborative Public/Data Releases/PANC/1.0-public/cBioPortal_files/data_timeline_pathology.txt,PATIENT_ID,data/raw/AACR GENIE Biopharma Collaborative Public/Data Releases/PANC/1.0-public/cBioPortal_files/data_timeline_imaging.txt,PATIENT_ID,shared_identifier_candidate,1094 overlapping distinct non-missing values,Shared identifiers require dictionary confirmation before joins.
data/raw/AACR GENIE Biopharma Collaborative Public/Data Releases/PANC/1.0-public/cBioPortal_files/data_timeline_pathology.txt,PATIENT_ID,data/raw/AACR GENIE Biopharma Collaborative Public/Data Releases/PANC/1.0-public/cBioPortal_files/data_timeline_labtest.txt,PATIENT_ID,shared_identifier_candidate,937 overlapping distinct non-missing values,Shared identifiers require dictionary confirmation before joins.
data/raw/AACR GENIE Biopharma Collaborative Public/Data Releases/PANC/1.0-public/cBioPortal_files/data_timeline_pathology.txt,PATIENT_ID,data/raw/AACR GENIE Biopharma Collaborative Public/Data Releases/PANC/1.0-public/cBioPortal_files/data_timeline_medonc.txt,PATIENT_ID,shared_identifier_candidate,1100 overlapping distinct non-missing values,Shared identifiers require dictionary confirmation before joins.
data/raw/AACR GENIE Biopharma Collaborative Public/Data Releases/PANC/1.0-public/cBioPortal_files/data_timeline_pathology.txt,PATIENT_ID,data/raw/AACR GENIE Biopharma Collaborative Public/Data Releases/PANC/1.0-public/cBioPortal_files/data_timeline_sample_acquisition.txt,PATIENT_ID,shared_identifier_candidate,1109 overlapping distinct non-missing values,Shared identifiers require dictionary confirmation before joins.
data/raw/AACR GENIE Biopharma Collaborative Public/Data Releases/PANC/1.0-public/cBioPortal_files/data_timeline_pathology.txt,PATIENT_ID,data/raw/AACR GENIE Biopharma Collaborative Public/Data Releases/PANC/1.0-public/cBioPortal_files/data_timeline_sequencing.txt,PATIENT_ID,shared_identifier_candidate,1109 overlapping distinct non-missing values,Shared identifiers require dictionary confirmation before joins.
data/raw/AACR GENIE Biopharma Collaborative Public/Data Releases/PANC/1.0-public/cBioPortal_files/data_timeline_pathology.txt,PATIENT_ID,data/raw/AACR GENIE Biopharma Collaborative Public/Data Releases/PANC/1.0-public/cBioPortal_files/data_timeline_treatment.txt,PATIENT_ID,shared_identifier_candidate,1034 overlapping distinct non-missing values,Shared identifiers require dictionary confirmation before joins.
data/raw/AACR GENIE Biopharma Collaborative Public/Data Releases/PANC/1.0-public/cBioPortal_files/data_timeline_sample_acquisition.txt,PATIENT_ID,data/raw/AACR GENIE Biopharma Collaborative Public/Data Releases/PANC/1.0-public/cBioPortal_files/data_clinical_patient.txt,PATIENT_ID,shared_identifier_candidate,1109 overlapping distinct non-missing values,Shared identifiers require dictionary confirmation before joins.
data/raw/AACR GENIE Biopharma Collaborative Public/Data Releases/PANC/1.0-public/cBioPortal_files/data_timeline_sample_acquisition.txt,PATIENT_ID,data/raw/AACR GENIE Biopharma Collaborative Public/Data Releases/PANC/1.0-public/cBioPortal_files/data_clinical_sample.txt,PATIENT_ID,shared_identifier_candidate,1109 overlapping distinct non-missing values,Shared identifiers require dictionary confirmation before joins.
data/raw/AACR GENIE Biopharma Collaborative Public/Data Releases/PANC/1.0-public/cBioPortal_files/data_timeline_sample_acquisition.txt,PATIENT_ID,data/raw/AACR GENIE Biopharma Collaborative Public/Data Releases/PANC/1.0-public/cBioPortal_files/data_clinical_supp_survival.txt,PATIENT_ID,shared_identifier_candidate,1109 overlapping distinct non-missing values,Shared identifiers require dictionary confirmation before joins.
data/raw/AACR GENIE Biopharma Collaborative Public/Data Releases/PANC/1.0-public/cBioPortal_files/data_timeline_sample_acquisition.txt,PATIENT_ID,data/raw/AACR GENIE Biopharma Collaborative Public/Data Releases/PANC/1.0-public/cBioPortal_files/data_clinical_supp_survival_treatment.txt,PATIENT_ID,shared_identifier_candidate,1002 overlapping distinct non-missing values,Shared identifiers require dictionary confirmation before joins.
data/raw/AACR GENIE Biopharma Collaborative Public/Data Releases/PANC/1.0-public/cBioPortal_files/data_timeline_sample_acquisition.txt,PATIENT_ID,data/raw/AACR GENIE Biopharma Collaborative Public/Data Releases/PANC/1.0-public/cBioPortal_files/data_timeline_cancer_diagnosis.txt,PATIENT_ID,shared_identifier_candidate,1109 overlapping distinct non-missing values,Shared identifiers require dictionary confirmation before joins.
data/raw/AACR GENIE Biopharma Collaborative Public/Data Releases/PANC/1.0-public/cBioPortal_files/data_timeline_sample_acquisition.txt,PATIENT_ID,data/raw/AACR GENIE Biopharma Collaborative Public/Data Releases/PANC/1.0-public/cBioPortal_files/data_timeline_imaging.txt,PATIENT_ID,shared_identifier_candidate,1094 overlapping distinct non-missing values,Shared identifiers require dictionary confirmation before joins.
data/raw/AACR GENIE Biopharma Collaborative Public/Data Releases/PANC/1.0-public/cBioPortal_files/data_timeline_sample_acquisition.txt,PATIENT_ID,data/raw/AACR GENIE Biopharma Collaborative Public/Data Releases/PANC/1.0-public/cBioPortal_files/data_timeline_labtest.txt,PATIENT_ID,shared_identifier_candidate,937 overlapping distinct non-missing values,Shared identifiers require dictionary confirmation before joins.
data/raw/AACR GENIE Biopharma Collaborative Public/Data Releases/PANC/1.0-public/cBioPortal_files/data_timeline_sample_acquisition.txt,PATIENT_ID,data/raw/AACR GENIE Biopharma Collaborative Public/Data Releases/PANC/1.0-public/cBioPortal_files/data_timeline_medonc.txt,PATIENT_ID,shared_identifier_candidate,1100 overlapping distinct non-missing values,Shared identifiers require dictionary confirmation before joins.
data/raw/AACR GENIE Biopharma Collaborative Public/Data Releases/PANC/1.0-public/cBioPortal_files/data_timeline_sample_acquisition.txt,PATIENT_ID,data/raw/AACR GENIE Biopharma Collaborative Public/Data Releases/PANC/1.0-public/cBioPortal_files/data_timeline_pathology.txt,PATIENT_ID,shared_identifier_candidate,1109 overlapping distinct non-missing values,Shared identifiers require dictionary confirmation before joins.
data/raw/AACR GENIE Biopharma Collaborative Public/Data Releases/PANC/1.0-public/cBioPortal_files/data_timeline_sample_acquisition.txt,PATIENT_ID,data/raw/AACR GENIE Biopharma Collaborative Public/Data Releases/PANC/1.0-public/cBioPortal_files/data_timeline_sequencing.txt,PATIENT_ID,shared_identifier_candidate,1109 overlapping distinct non-missing values,Shared identifiers require dictionary confirmation before joins.
data/raw/AACR GENIE Biopharma Collaborative Public/Data Releases/PANC/1.0-public/cBioPortal_files/data_timeline_sample_acquisition.txt,PATIENT_ID,data/raw/AACR GENIE Biopharma Collaborative Public/Data Releases/PANC/1.0-public/cBioPortal_files/data_timeline_treatment.txt,PATIENT_ID,shared_identifier_candidate,1034 overlapping distinct non-missing values,Shared identifiers require dictionary confirmation before joins.
data/raw/AACR GENIE Biopharma Collaborative Public/Data Releases/PANC/1.0-public/cBioPortal_files/data_timeline_sample_acquisition.txt,SAMPLE_ID,data/raw/AACR GENIE Biopharma Collaborative Public/Data Releases/PANC/1.0-public/cBioPortal_files/data_clinical_sample.txt,SAMPLE_ID,shared_identifier_candidate,1130 overlapping distinct non-missing values,Shared identifiers require dictionary confirmation before joins.
data/raw/AACR GENIE Biopharma Collaborative Public/Data Releases/PANC/1.0-public/cBioPortal_files/data_timeline_sample_acquisition.txt,SAMPLE_ID,data/raw/AACR GENIE Biopharma Collaborative Public/Data Releases/PANC/1.0-public/cBioPortal_files/data_gene_matrix.txt,SAMPLE_ID,shared_identifier_candidate,1130 overlapping distinct non-missing values,Shared identifiers require dictionary confirmation before joins.
data/raw/AACR GENIE Biopharma Collaborative Public/Data Releases/PANC/1.0-public/cBioPortal_files/data_timeline_sample_acquisition.txt,SAMPLE_ID,data/raw/AACR GENIE Biopharma Collaborative Public/Data Releases/PANC/1.0-public/cBioPortal_files/data_mutations_extended.txt,Tumor_Sample_Barcode,shared_identifier_candidate,1087 overlapping distinct non-missing values,Shared identifiers require dictionary confirmation before joins.
data/raw/AACR GENIE Biopharma Collaborative Public/Data Releases/PANC/1.0-public/cBioPortal_files/data_timeline_sample_acquisition.txt,SAMPLE_ID,data/raw/AACR GENIE Biopharma Collaborative Public/Data Releases/PANC/1.0-public/cBioPortal_files/data_sv.txt,Sample_Id,shared_identifier_candidate,194 overlapping distinct non-missing values,Shared identifiers require dictionary confirmation before joins.
data/raw/AACR GENIE Biopharma Collaborative Public/Data Releases/PANC/1.0-public/cBioPortal_files/data_timeline_sample_acquisition.txt,SAMPLE_ID,data/raw/AACR GENIE Biopharma Collaborative Public/Data Releases/PANC/1.0-public/cBioPortal_files/data_timeline_sequencing.txt,SAMPLE_ID,shared_identifier_candidate,1130 overlapping distinct non-missing values,Shared identifiers require dictionary confirmation before joins.
data/raw/AACR GENIE Biopharma Collaborative Public/Data Releases/PANC/1.0-public/cBioPortal_files/data_timeline_sample_acquisition.txt,SAMPLE_ID,data/raw/AACR GENIE Biopharma Collaborative Public/Data Releases/PANC/1.0-public/clinical_data/cancer_panel_test_level_dataset.csv,cpt_genie_sample_id,shared_identifier_candidate,1130 overlapping distinct non-missing values,Shared identifiers require dictionary confirmation before joins.
data/raw/AACR GENIE Biopharma Collaborative Public/Data Releases/PANC/1.0-public/cBioPortal_files/data_timeline_sequencing.txt,PATIENT_ID,data/raw/AACR GENIE Biopharma Collaborative Public/Data Releases/PANC/1.0-public/cBioPortal_files/data_clinical_patient.txt,PATIENT_ID,shared_identifier_candidate,1109 overlapping distinct non-missing values,Shared identifiers require dictionary confirmation before joins.
data/raw/AACR GENIE Biopharma Collaborative Public/Data Releases/PANC/1.0-public/cBioPortal_files/data_timeline_sequencing.txt,PATIENT_ID,data/raw/AACR GENIE Biopharma Collaborative Public/Data Releases/PANC/1.0-public/cBioPortal_files/data_clinical_sample.txt,PATIENT_ID,shared_identifier_candidate,1109 overlapping distinct non-missing values,Shared identifiers require dictionary confirmation before joins.
data/raw/AACR GENIE Biopharma Collaborative Public/Data Releases/PANC/1.0-public/cBioPortal_files/data_timeline_sequencing.txt,PATIENT_ID,data/raw/AACR GENIE Biopharma Collaborative Public/Data Releases/PANC/1.0-public/cBioPortal_files/data_clinical_supp_survival.txt,PATIENT_ID,shared_identifier_candidate,1109 overlapping distinct non-missing values,Shared identifiers require dictionary confirmation before joins.
data/raw/AACR GENIE Biopharma Collaborative Public/Data Releases/PANC/1.0-public/cBioPortal_files/data_timeline_sequencing.txt,PATIENT_ID,data/raw/AACR GENIE Biopharma Collaborative Public/Data Releases/PANC/1.0-public/cBioPortal_files/data_clinical_supp_survival_treatment.txt,PATIENT_ID,shared_identifier_candidate,1002 overlapping distinct non-missing values,Shared identifiers require dictionary confirmation before joins.
data/raw/AACR GENIE Biopharma Collaborative Public/Data Releases/PANC/1.0-public/cBioPortal_files/data_timeline_sequencing.txt,PATIENT_ID,data/raw/AACR GENIE Biopharma Collaborative Public/Data Releases/PANC/1.0-public/cBioPortal_files/data_timeline_cancer_diagnosis.txt,PATIENT_ID,shared_identifier_candidate,1109 overlapping distinct non-missing values,Shared identifiers require dictionary confirmation before joins.
data/raw/AACR GENIE Biopharma Collaborative Public/Data Releases/PANC/1.0-public/cBioPortal_files/data_timeline_sequencing.txt,PATIENT_ID,data/raw/AACR GENIE Biopharma Collaborative Public/Data Releases/PANC/1.0-public/cBioPortal_files/data_timeline_imaging.txt,PATIENT_ID,shared_identifier_candidate,1094 overlapping distinct non-missing values,Shared identifiers require dictionary confirmation before joins.
data/raw/AACR GENIE Biopharma Collaborative Public/Data Releases/PANC/1.0-public/cBioPortal_files/data_timeline_sequencing.txt,PATIENT_ID,data/raw/AACR GENIE Biopharma Collaborative Public/Data Releases/PANC/1.0-public/cBioPortal_files/data_timeline_labtest.txt,PATIENT_ID,shared_identifier_candidate,937 overlapping distinct non-missing values,Shared identifiers require dictionary confirmation before joins.
data/raw/AACR GENIE Biopharma Collaborative Public/Data Releases/PANC/1.0-public/cBioPortal_files/data_timeline_sequencing.txt,PATIENT_ID,data/raw/AACR GENIE Biopharma Collaborative Public/Data Releases/PANC/1.0-public/cBioPortal_files/data_timeline_medonc.txt,PATIENT_ID,shared_identifier_candidate,1100 overlapping distinct non-missing values,Shared identifiers require dictionary confirmation before joins.
data/raw/AACR GENIE Biopharma Collaborative Public/Data Releases/PANC/1.0-public/cBioPortal_files/data_timeline_sequencing.txt,PATIENT_ID,data/raw/AACR GENIE Biopharma Collaborative Public/Data Releases/PANC/1.0-public/cBioPortal_files/data_timeline_pathology.txt,PATIENT_ID,shared_identifier_candidate,1109 overlapping distinct non-missing values,Shared identifiers require dictionary confirmation before joins.
data/raw/AACR GENIE Biopharma Collaborative Public/Data Releases/PANC/1.0-public/cBioPortal_files/data_timeline_sequencing.txt,PATIENT_ID,data/raw/AACR GENIE Biopharma Collaborative Public/Data Releases/PANC/1.0-public/cBioPortal_files/data_timeline_sample_acquisition.txt,PATIENT_ID,shared_identifier_candidate,1109 overlapping distinct non-missing values,Shared identifiers require dictionary confirmation before joins.
data/raw/AACR GENIE Biopharma Collaborative Public/Data Releases/PANC/1.0-public/cBioPortal_files/data_timeline_sequencing.txt,PATIENT_ID,data/raw/AACR GENIE Biopharma Collaborative Public/Data Releases/PANC/1.0-public/cBioPortal_files/data_timeline_treatment.txt,PATIENT_ID,shared_identifier_candidate,1034 overlapping distinct non-missing values,Shared identifiers require dictionary confirmation before joins.
data/raw/AACR GENIE Biopharma Collaborative Public/Data Releases/PANC/1.0-public/cBioPortal_files/data_timeline_sequencing.txt,SAMPLE_ID,data/raw/AACR GENIE Biopharma Collaborative Public/Data Releases/PANC/1.0-public/cBioPortal_files/data_clinical_sample.txt,SAMPLE_ID,shared_identifier_candidate,1130 overlapping distinct non-missing values,Shared identifiers require dictionary confirmation before joins.
data/raw/AACR GENIE Biopharma Collaborative Public/Data Releases/PANC/1.0-public/cBioPortal_files/data_timeline_sequencing.txt,SAMPLE_ID,data/raw/AACR GENIE Biopharma Collaborative Public/Data Releases/PANC/1.0-public/cBioPortal_files/data_gene_matrix.txt,SAMPLE_ID,shared_identifier_candidate,1130 overlapping distinct non-missing values,Shared identifiers require dictionary confirmation before joins.
data/raw/AACR GENIE Biopharma Collaborative Public/Data Releases/PANC/1.0-public/cBioPortal_files/data_timeline_sequencing.txt,SAMPLE_ID,data/raw/AACR GENIE Biopharma Collaborative Public/Data Releases/PANC/1.0-public/cBioPortal_files/data_mutations_extended.txt,Tumor_Sample_Barcode,shared_identifier_candidate,1087 overlapping distinct non-missing values,Shared identifiers require dictionary confirmation before joins.
data/raw/AACR GENIE Biopharma Collaborative Public/Data Releases/PANC/1.0-public/cBioPortal_files/data_timeline_sequencing.txt,SAMPLE_ID,data/raw/AACR GENIE Biopharma Collaborative Public/Data Releases/PANC/1.0-public/cBioPortal_files/data_sv.txt,Sample_Id,shared_identifier_candidate,194 overlapping distinct non-missing values,Shared identifiers require dictionary confirmation before joins.
data/raw/AACR GENIE Biopharma Collaborative Public/Data Releases/PANC/1.0-public/cBioPortal_files/data_timeline_sequencing.txt,SAMPLE_ID,data/raw/AACR GENIE Biopharma Collaborative Public/Data Releases/PANC/1.0-public/cBioPortal_files/data_timeline_sample_acquisition.txt,SAMPLE_ID,shared_identifier_candidate,1130 overlapping distinct non-missing values,Shared identifiers require dictionary confirmation before joins.
data/raw/AACR GENIE Biopharma Collaborative Public/Data Releases/PANC/1.0-public/cBioPortal_files/data_timeline_sequencing.txt,SAMPLE_ID,data/raw/AACR GENIE Biopharma Collaborative Public/Data Releases/PANC/1.0-public/clinical_data/cancer_panel_test_level_dataset.csv,cpt_genie_sample_id,shared_identifier_candidate,1130 overlapping distinct non-missing values,Shared identifiers require dictionary confirmation before joins.
data/raw/AACR GENIE Biopharma Collaborative Public/Data Releases/PANC/1.0-public/cBioPortal_files/data_timeline_treatment.txt,PATIENT_ID,data/raw/AACR GENIE Biopharma Collaborative Public/Data Releases/PANC/1.0-public/cBioPortal_files/data_clinical_patient.txt,PATIENT_ID,shared_identifier_candidate,1034 overlapping distinct non-missing values,Shared identifiers require dictionary confirmation before joins.
data/raw/AACR GENIE Biopharma Collaborative Public/Data Releases/PANC/1.0-public/cBioPortal_files/data_timeline_treatment.txt,PATIENT_ID,data/raw/AACR GENIE Biopharma Collaborative Public/Data Releases/PANC/1.0-public/cBioPortal_files/data_clinical_sample.txt,PATIENT_ID,shared_identifier_candidate,1034 overlapping distinct non-missing values,Shared identifiers require dictionary confirmation before joins.
data/raw/AACR GENIE Biopharma Collaborative Public/Data Releases/PANC/1.0-public/cBioPortal_files/data_timeline_treatment.txt,PATIENT_ID,data/raw/AACR GENIE Biopharma Collaborative Public/Data Releases/PANC/1.0-public/cBioPortal_files/data_clinical_supp_survival.txt,PATIENT_ID,shared_identifier_candidate,1034 overlapping distinct non-missing values,Shared identifiers require dictionary confirmation before joins.
data/raw/AACR GENIE Biopharma Collaborative Public/Data Releases/PANC/1.0-public/cBioPortal_files/data_timeline_treatment.txt,PATIENT_ID,data/raw/AACR GENIE Biopharma Collaborative Public/Data Releases/PANC/1.0-public/cBioPortal_files/data_clinical_supp_survival_treatment.txt,PATIENT_ID,shared_identifier_candidate,1002 overlapping distinct non-missing values,Shared identifiers require dictionary confirmation before joins.
data/raw/AACR GENIE Biopharma Collaborative Public/Data Releases/PANC/1.0-public/cBioPortal_files/data_timeline_treatment.txt,PATIENT_ID,data/raw/AACR GENIE Biopharma Collaborative Public/Data Releases/PANC/1.0-public/cBioPortal_files/data_timeline_cancer_diagnosis.txt,PATIENT_ID,shared_identifier_candidate,1034 overlapping distinct non-missing values,Shared identifiers require dictionary confirmation before joins.
data/raw/AACR GENIE Biopharma Collaborative Public/Data Releases/PANC/1.0-public/cBioPortal_files/data_timeline_treatment.txt,PATIENT_ID,data/raw/AACR GENIE Biopharma Collaborative Public/Data Releases/PANC/1.0-public/cBioPortal_files/data_timeline_imaging.txt,PATIENT_ID,shared_identifier_candidate,1026 overlapping distinct non-missing values,Shared identifiers require dictionary confirmation before joins.
data/raw/AACR GENIE Biopharma Collaborative Public/Data Releases/PANC/1.0-public/cBioPortal_files/data_timeline_treatment.txt,PATIENT_ID,data/raw/AACR GENIE Biopharma Collaborative Public/Data Releases/PANC/1.0-public/cBioPortal_files/data_timeline_labtest.txt,PATIENT_ID,shared_identifier_candidate,900 overlapping distinct non-missing values,Shared identifiers require dictionary confirmation before joins.
data/raw/AACR GENIE Biopharma Collaborative Public/Data Releases/PANC/1.0-public/cBioPortal_files/data_timeline_treatment.txt,PATIENT_ID,data/raw/AACR GENIE Biopharma Collaborative Public/Data Releases/PANC/1.0-public/cBioPortal_files/data_timeline_medonc.txt,PATIENT_ID,shared_identifier_candidate,1032 overlapping distinct non-missing values,Shared identifiers require dictionary confirmation before joins.
data/raw/AACR GENIE Biopharma Collaborative Public/Data Releases/PANC/1.0-public/cBioPortal_files/data_timeline_treatment.txt,PATIENT_ID,data/raw/AACR GENIE Biopharma Collaborative Public/Data Releases/PANC/1.0-public/cBioPortal_files/data_timeline_pathology.txt,PATIENT_ID,shared_identifier_candidate,1034 overlapping distinct non-missing values,Shared identifiers require dictionary confirmation before joins.
data/raw/AACR GENIE Biopharma Collaborative Public/Data Releases/PANC/1.0-public/cBioPortal_files/data_timeline_treatment.txt,PATIENT_ID,data/raw/AACR GENIE Biopharma Collaborative Public/Data Releases/PANC/1.0-public/cBioPortal_files/data_timeline_sample_acquisition.txt,PATIENT_ID,shared_identifier_candidate,1034 overlapping distinct non-missing values,Shared identifiers require dictionary confirmation before joins.
data/raw/AACR GENIE Biopharma Collaborative Public/Data Releases/PANC/1.0-public/cBioPortal_files/data_timeline_treatment.txt,PATIENT_ID,data/raw/AACR GENIE Biopharma Collaborative Public/Data Releases/PANC/1.0-public/cBioPortal_files/data_timeline_sequencing.txt,PATIENT_ID,shared_identifier_candidate,1034 overlapping distinct non-missing values,Shared identifiers require dictionary confirmation before joins.
data/raw/AACR GENIE Biopharma Collaborative Public/Data Releases/PANC/1.0-public/clinical_data/ca_radtx_dataset.csv,record_id,data/raw/AACR GENIE Biopharma Collaborative Public/Data Releases/PANC/1.0-public/clinical_data/patient_level_dataset.csv,record_id,candidate_foreign_key,365/365 distinct values overlap patient table record_id,Heuristic only; do not join until confirmed by data guide/dictionary.
data/raw/AACR GENIE Biopharma Collaborative Public/Data Releases/PANC/1.0-public/clinical_data/cancer_level_dataset_index.csv,record_id,data/raw/AACR GENIE Biopharma Collaborative Public/Data Releases/PANC/1.0-public/clinical_data/patient_level_dataset.csv,record_id,candidate_foreign_key,1109/1109 distinct values overlap patient table record_id,Heuristic only; do not join until confirmed by data guide/dictionary.
data/raw/AACR GENIE Biopharma Collaborative Public/Data Releases/PANC/1.0-public/clinical_data/cancer_level_dataset_non_index.csv,record_id,data/raw/AACR GENIE Biopharma Collaborative Public/Data Releases/PANC/1.0-public/clinical_data/patient_level_dataset.csv,record_id,candidate_foreign_key,215/215 distinct values overlap patient table record_id,Heuristic only; do not join until confirmed by data guide/dictionary.
data/raw/AACR GENIE Biopharma Collaborative Public/Data Releases/PANC/1.0-public/clinical_data/cancer_panel_test_level_dataset.csv,record_id,data/raw/AACR GENIE Biopharma Collaborative Public/Data Releases/PANC/1.0-public/clinical_data/patient_level_dataset.csv,record_id,candidate_foreign_key,1109/1109 distinct values overlap patient table record_id,Heuristic only; do not join until confirmed by data guide/dictionary.
data/raw/AACR GENIE Biopharma Collaborative Public/Data Releases/PANC/1.0-public/clinical_data/cancer_panel_test_level_dataset.csv,cpt_genie_sample_id,data/raw/AACR GENIE Biopharma Collaborative Public/Data Releases/PANC/1.0-public/cBioPortal_files/data_clinical_sample.txt,SAMPLE_ID,shared_identifier_candidate,1130 overlapping distinct non-missing values,Shared identifiers require dictionary confirmation before joins.
data/raw/AACR GENIE Biopharma Collaborative Public/Data Releases/PANC/1.0-public/clinical_data/cancer_panel_test_level_dataset.csv,cpt_genie_sample_id,data/raw/AACR GENIE Biopharma Collaborative Public/Data Releases/PANC/1.0-public/cBioPortal_files/data_gene_matrix.txt,SAMPLE_ID,shared_identifier_candidate,1130 overlapping distinct non-missing values,Shared identifiers require dictionary confirmation before joins.
data/raw/AACR GENIE Biopharma Collaborative Public/Data Releases/PANC/1.0-public/clinical_data/cancer_panel_test_level_dataset.csv,cpt_genie_sample_id,data/raw/AACR GENIE Biopharma Collaborative Public/Data Releases/PANC/1.0-public/cBioPortal_files/data_mutations_extended.txt,Tumor_Sample_Barcode,shared_identifier_candidate,1087 overlapping distinct non-missing values,Shared identifiers require dictionary confirmation before joins.
data/raw/AACR GENIE Biopharma Collaborative Public/Data Releases/PANC/1.0-public/clinical_data/cancer_panel_test_level_dataset.csv,cpt_genie_sample_id,data/raw/AACR GENIE Biopharma Collaborative Public/Data Releases/PANC/1.0-public/cBioPortal_files/data_sv.txt,Sample_Id,shared_identifier_candidate,194 overlapping distinct non-missing values,Shared identifiers require dictionary confirmation before joins.
data/raw/AACR GENIE Biopharma Collaborative Public/Data Releases/PANC/1.0-public/clinical_data/cancer_panel_test_level_dataset.csv,cpt_genie_sample_id,data/raw/AACR GENIE Biopharma Collaborative Public/Data Releases/PANC/1.0-public/cBioPortal_files/data_timeline_sample_acquisition.txt,SAMPLE_ID,shared_identifier_candidate,1130 overlapping distinct non-missing values,Shared identifiers require dictionary confirmation before joins.
data/raw/AACR GENIE Biopharma Collaborative Public/Data Releases/PANC/1.0-public/clinical_data/cancer_panel_test_level_dataset.csv,cpt_genie_sample_id,data/raw/AACR GENIE Biopharma Collaborative Public/Data Releases/PANC/1.0-public/cBioPortal_files/data_timeline_sequencing.txt,SAMPLE_ID,shared_identifier_candidate,1130 overlapping distinct non-missing values,Shared identifiers require dictionary confirmation before joins.
data/raw/AACR GENIE Biopharma Collaborative Public/Data Releases/PANC/1.0-public/clinical_data/imaging_level_dataset.csv,record_id,data/raw/AACR GENIE Biopharma Collaborative Public/Data Releases/PANC/1.0-public/clinical_data/patient_level_dataset.csv,record_id,candidate_foreign_key,1094/1094 distinct values overlap patient table record_id,Heuristic only; do not join until confirmed by data guide/dictionary.
data/raw/AACR GENIE Biopharma Collaborative Public/Data Releases/PANC/1.0-public/clinical_data/med_onc_note_level_dataset.csv,record_id,data/raw/AACR GENIE Biopharma Collaborative Public/Data Releases/PANC/1.0-public/clinical_data/patient_level_dataset.csv,record_id,candidate_foreign_key,1100/1100 distinct values overlap patient table record_id,Heuristic only; do not join until confirmed by data guide/dictionary.
data/raw/AACR GENIE Biopharma Collaborative Public/Data Releases/PANC/1.0-public/clinical_data/pathology_report_level_dataset.csv,record_id,data/raw/AACR GENIE Biopharma Collaborative Public/Data Releases/PANC/1.0-public/clinical_data/patient_level_dataset.csv,record_id,candidate_foreign_key,1109/1109 distinct values overlap patient table record_id,Heuristic only; do not join until confirmed by data guide/dictionary.
data/raw/AACR GENIE Biopharma Collaborative Public/Data Releases/PANC/1.0-public/clinical_data/regimen_cancer_level_dataset.csv,record_id,data/raw/AACR GENIE Biopharma Collaborative Public/Data Releases/PANC/1.0-public/clinical_data/patient_level_dataset.csv,record_id,candidate_foreign_key,1037/1037 distinct values overlap patient table record_id,Heuristic only; do not join until confirmed by data guide/dictionary.
data/raw/AACR GENIE Biopharma Collaborative Public/Data Releases/PANC/1.0-public/clinical_data/tm_level_dataset.csv,record_id,data/raw/AACR GENIE Biopharma Collaborative Public/Data Releases/PANC/1.0-public/clinical_data/patient_level_dataset.csv,record_id,candidate_foreign_key,937/937 distinct values overlap patient table record_id,Heuristic only; do not join until confirmed by data guide/dictionary.
